typeCode,freqCode,refPeriodId,refYear,refMonth,period,reporterCode,reporterISO,reporterDesc,flowCode,flowDesc,partnerCode,partnerISO,partnerDesc,partner2Code,partner2ISO,partner2Desc,classificationCode,classificationSearchCode,isOriginalClassification,cmdCode,cmdDesc,aggrLevel,isLeaf,customsCode,customsDesc,mosCode,motCode,motDesc,qtyUnitCode,qtyUnitAbbr,qty,isQtyEstimated,altQtyUnitCode,altQtyUnitAbbr,altQty,isAltQtyEstimated,netWgt,isNetWgtEstimated,grossWgt,isGrossWgtEstimated,cifvalue,fobvalue,primaryValue,legacyEstimationFlag,isReported,isAggregate
"C","A","20170101","2017","52","2017","643","RUS","Russian Federation","X","Export","0","W00","World","0","W00","World","H5","HS","true","3401","Soap; organic surface-active preparations used as soap, skin washing, in bars, cakes, moulded pieces, shapes, liquid or cream, containing soap or not; for retail, paper, wadding, felt and nonwovens, impregnated, coated or covered with soap or detergent","4","false","C00","TOTAL CPC","0 ","0","TOTAL MOT","8","kg","94492972.66","false","8","kg","94492972.66","false","94492972.66","false",,"false",,"117194207.6","117194207.6","0","false","true",
"C","A","20170101","2017","52","2017","643","RUS","Russian Federation","X","Export","4","AFG","Afghanistan","0","W00","World","H5","HS","true","3401","Soap; organic surface-active preparations used as soap, skin washing, in bars, cakes, moulded pieces, shapes, liquid or cream, containing soap or not; for retail, paper, wadding, felt and nonwovens, impregnated, coated or covered with soap or detergent","4","false","C00","TOTAL CPC","0 ","0","TOTAL MOT","8","kg","1495285","false","8","kg","1495285","false","1495285","false",,"false",,"932647.3","932647.3","0","false","true",
"C","A","20170101","2017","52","2017","643","RUS","Russian Federation","X","Export","24","AGO","Angola","0","W00","World","H5","HS","true","3401","Soap; organic surface-active preparations used as soap, skin washing, in bars, cakes, moulded pieces, shapes, liquid or cream, containing soap or not; for retail, paper, wadding, felt and nonwovens, impregnated, coated or covered with soap or detergent","4","false","C00","TOTAL CPC","0 ","0","TOTAL MOT","8","kg","0.5","false","8","kg","0.5","false","0.5","false",,"false",,"13.28","13.28","0","false","true",
"C","A","20170101","2017","52","2017","643","RUS","Russian Federation","X","Export","31","AZE","Azerbaijan","0","W00","World","H5","HS","true","3401","Soap; organic surface-active preparations used as soap, skin washing, in bars, cakes, moulded pieces, shapes, liquid or cream, containing soap or not; for retail, paper, wadding, felt and nonwovens, impregnated, coated or covered with soap or detergent","4","false","C00","TOTAL CPC","0 ","0","TOTAL MOT","8","kg","3052544.36","false","8","kg","3052544.36","false","3052544.36","false",,"false",,"5020844.85","5020844.85","0","false","true",
"C","A","20170101","2017","52","2017","643","RUS","Russian Federation","X","Export","36","AUS","Australia","0","W00","World","H5","HS","true","3401","Soap; organic surface-active preparations used as soap, skin washing, in bars, cakes, moulded pieces, shapes, liquid or cream, containing soap or not; for retail, paper, wadding, felt and nonwovens, impregnated, coated or covered with soap or detergent","4","false","C00","TOTAL CPC","0 ","0","TOTAL MOT","8","kg","349.14","false","8","kg","349.14","false","349.14","false",,"false",,"2505.54","2505.54","0","false","true",
"C","A","20170101","2017","52","2017","643","RUS","Russian Federation","X","Export","40","AUT","Austria","0","W00","World","H5","HS","true","3401","Soap; organic surface-active preparations used as soap, skin washing, in bars, cakes, moulded pieces, shapes, liquid or cream, containing soap or not; for retail, paper, wadding, felt and nonwovens, impregnated, coated or covered with soap or detergent","4","false","C00","TOTAL CPC","0 ","0","TOTAL MOT","8","kg","5.2","false","8","kg","5.2","false","5.2","false",,"false",,"19.98","19.98","0","false","true",
"C","A","20170101","2017","52","2017","643","RUS","Russian Federation","X","Export","51","ARM","Armenia","0","W00","World","H5","HS","true","3401","Soap; organic surface-active preparations used as soap, skin washing, in bars, cakes, moulded pieces, shapes, liquid or cream, containing soap or not; for retail, paper, wadding, felt and nonwovens, impregnated, coated or covered with soap or detergent","4","false","C00","TOTAL CPC","0 ","0","TOTAL MOT","8","kg","1292053","false","8","kg","1292053","false","1292053","false",,"false",,"2172429","2172429","0","false","true",
"C","A","20170101","2017","52","2017","643","RUS","Russian Federation","X","Export","56","BEL","Belgium","0","W00","World","H5","HS","true","3401","Soap; organic surface-active preparations used as soap, skin washing, in bars, cakes, moulded pieces, shapes, liquid or cream, containing soap or not; for retail, paper, wadding, felt and nonwovens, impregnated, coated or covered with soap or detergent","4","false","C00","TOTAL CPC","0 ","0","TOTAL MOT","8","kg","1216.74","false","8","kg","1216.74","false","1216.74","false",,"false",,"16433.43","16433.43","0","false","true",
"C","A","20170101","2017","52","2017","643","RUS","Russian Federation","X","Export","70","BIH","Bosnia Herzegovina","0","W00","World","H5","HS","true","3401","Soap; organic surface-active preparations used as soap, skin washing, in bars, cakes, moulded pieces, shapes, liquid or cream, containing soap or not; for retail, paper, wadding, felt and nonwovens, impregnated, coated or covered with soap or detergent","4","false","C00","TOTAL CPC","0 ","0","TOTAL MOT","8","kg","100","false","8","kg","100","false","100","false",,"false",,"272.9","272.9","0","false","true",
"C","A","20170101","2017","52","2017","643","RUS","Russian Federation","X","Export","76","BRA","Brazil","0","W00","World","H5","HS","true","3401","Soap; organic surface-active preparations used as soap, skin washing, in bars, cakes, moulded pieces, shapes, liquid or cream, containing soap or not; for retail, paper, wadding, felt and nonwovens, impregnated, coated or covered with soap or detergent","4","false","C00","TOTAL CPC","0 ","0","TOTAL MOT","8","kg","800.91","false","8","kg","800.91","false","800.91","false",,"false",,"4449.49","4449.49","0","false","true",
"C","A","20170101","2017","52","2017","643","RUS","Russian Federation","X","Export","100","BGR","Bulgaria","0","W00","World","H5","HS","true","3401","Soap; organic surface-active preparations used as soap, skin washing, in bars, cakes, moulded pieces, shapes, liquid or cream, containing soap or not; for retail, paper, wadding, felt and nonwovens, impregnated, coated or covered with soap or detergent","4","false","C00","TOTAL CPC","0 ","0","TOTAL MOT","8","kg","400.5","false","8","kg","400.5","false","400.5","false",,"false",,"2335.11","2335.11","0","false","true",
"C","A","20170101","2017","52","2017","643","RUS","Russian Federation","X","Export","104","MMR","Myanmar","0","W00","World","H5","HS","true","3401","Soap; organic surface-active preparations used as soap, skin washing, in bars, cakes, moulded pieces, shapes, liquid or cream, containing soap or not; for retail, paper, wadding, felt and nonwovens, impregnated, coated or covered with soap or detergent","4","false","C00","TOTAL CPC","0 ","0","TOTAL MOT","8","kg","2.1","false","8","kg","2.1","false","2.1","false",,"false",,"3.42","3.42","0","false","true",
"C","A","20170101","2017","52","2017","643","RUS","Russian Federation","X","Export","112","BLR","Belarus","0","W00","World","H5","HS","true","3401","Soap; organic surface-active preparations used as soap, skin washing, in bars, cakes, moulded pieces, shapes, liquid or cream, containing soap or not; for retail, paper, wadding, felt and nonwovens, impregnated, coated or covered with soap or detergent","4","false","C00","TOTAL CPC","0 ","0","TOTAL MOT","8","kg","7999096","false","8","kg","7999096","false","7999096","false",,"false",,"19818884","19818884","0","false","true",
"C","A","20170101","2017","52","2017","643","RUS","Russian Federation","X","Export","124","CAN","Canada","0","W00","World","H5","HS","true","3401","Soap; organic surface-active preparations used as soap, skin washing, in bars, cakes, moulded pieces, shapes, liquid or cream, containing soap or not; for retail, paper, wadding, felt and nonwovens, impregnated, coated or covered with soap or detergent","4","false","C00","TOTAL CPC","0 ","0","TOTAL MOT","8","kg","401.55","false","8","kg","401.55","false","401.55","false",,"false",,"3319.1","3319.1","0","false","true",
"C","A","20170101","2017","52","2017","643","RUS","Russian Federation","X","Export","140","CAF","Central African Rep.","0","W00","World","H5","HS","true","3401","Soap; organic surface-active preparations used as soap, skin washing, in bars, cakes, moulded pieces, shapes, liquid or cream, containing soap or not; for retail, paper, wadding, felt and nonwovens, impregnated, coated or covered with soap or detergent","4","false","C00","TOTAL CPC","0 ","0","TOTAL MOT","8","kg","190","false","8","kg","190","false","190","false",,"false",,"82.61","82.61","0","false","true",
"C","A","20170101","2017","52","2017","643","RUS","Russian Federation","X","Export","156","CHN","China","0","W00","World","H5","HS","true","3401","Soap; organic surface-active preparations used as soap, skin washing, in bars, cakes, moulded pieces, shapes, liquid or cream, containing soap or not; for retail, paper, wadding, felt and nonwovens, impregnated, coated or covered with soap or detergent","4","false","C00","TOTAL CPC","0 ","0","TOTAL MOT","8","kg","164132.15","false","8","kg","164132.15","false","164132.15","false",,"false",,"327834.8","327834.8","0","false","true",
"C","A","20170101","2017","52","2017","643","RUS","Russian Federation","X","Export","191","HRV","Croatia","0","W00","World","H5","HS","true","3401","Soap; organic surface-active preparations used as soap, skin washing, in bars, cakes, moulded pieces, shapes, liquid or cream, containing soap or not; for retail, paper, wadding, felt and nonwovens, impregnated, coated or covered with soap or detergent","4","false","C00","TOTAL CPC","0 ","0","TOTAL MOT","8","kg","14.1","false","8","kg","14.1","false","14.1","false",,"false",,"49.88","49.88","0","false","true",
"C","A","20170101","2017","52","2017","643","RUS","Russian Federation","X","Export","192","CUB","Cuba","0","W00","World","H5","HS","true","3401","Soap; organic surface-active preparations used as soap, skin washing, in bars, cakes, moulded pieces, shapes, liquid or cream, containing soap or not; for retail, paper, wadding, felt and nonwovens, impregnated, coated or covered with soap or detergent","4","false","C00","TOTAL CPC","0 ","0","TOTAL MOT","8","kg","124.34","false","8","kg","124.34","false","124.34","false",,"false",,"1869.75","1869.75","0","false","true",
"C","A","20170101","2017","52","2017","643","RUS","Russian Federation","X","Export","196","CYP","Cyprus","0","W00","World","H5","HS","true","3401","Soap; organic surface-active preparations used as soap, skin washing, in bars, cakes, moulded pieces, shapes, liquid or cream, containing soap or not; for retail, paper, wadding, felt and nonwovens, impregnated, coated or covered with soap or detergent","4","false","C00","TOTAL CPC","0 ","0","TOTAL MOT","8","kg","992.2","false","8","kg","992.2","false","992.2","false",,"false",,"1095.66","1095.66","0","false","true",
"C","A","20170101","2017","52","2017","643","RUS","Russian Federation","X","Export","203","CZE","Czechia","0","W00","World","H5","HS","true","3401","Soap; organic surface-active preparations used as soap, skin washing, in bars, cakes, moulded pieces, shapes, liquid or cream, containing soap or not; for retail, paper, wadding, felt and nonwovens, impregnated, coated or covered with soap or detergent","4","false","C00","TOTAL CPC","0 ","0","TOTAL MOT","8","kg","79521.4","false","8","kg","79521.4","false","79521.4","false",,"false",,"134869","134869","0","false","true",
"C","A","20170101","2017","52","2017","643","RUS","Russian Federation","X","Export","208","DNK","Denmark","0","W00","World","H5","HS","true","3401","Soap; organic surface-active preparations used as soap, skin washing, in bars, cakes, moulded pieces, shapes, liquid or cream, containing soap or not; for retail, paper, wadding, felt and nonwovens, impregnated, coated or covered with soap or detergent","4","false","C00","TOTAL CPC","0 ","0","TOTAL MOT","8","kg","76","false","8","kg","76","false","76","false",,"false",,"183.73","183.73","0","false","true",
"C","A","20170101","2017","52","2017","643","RUS","Russian Federation","X","Export","233","EST","Estonia","0","W00","World","H5","HS","true","3401","Soap; organic surface-active preparations used as soap, skin washing, in bars, cakes, moulded pieces, shapes, liquid or cream, containing soap or not; for retail, paper, wadding, felt and nonwovens, impregnated, coated or covered with soap or detergent","4","false","C00","TOTAL CPC","0 ","0","TOTAL MOT","8","kg","84731.36","false","8","kg","84731.36","false","84731.36","false",,"false",,"180694.44","180694.44","0","false","true",
"C","A","20170101","2017","52","2017","643","RUS","Russian Federation","X","Export","251","FRA","France","0","W00","World","H5","HS","true","3401","Soap; organic surface-active preparations used as soap, skin washing, in bars, cakes, moulded pieces, shapes, liquid or cream, containing soap or not; for retail, paper, wadding, felt and nonwovens, impregnated, coated or covered with soap or detergent","4","false","C00","TOTAL CPC","0 ","0","TOTAL MOT","8","kg","15.37","false","8","kg","15.37","false","15.37","false",,"false",,"224.53","224.53","0","false","true",
"C","A","20170101","2017","52","2017","643","RUS","Russian Federation","X","Export","268","GEO","Georgia","0","W00","World","H5","HS","true","3401","Soap; organic surface-active preparations used as soap, skin washing, in bars, cakes, moulded pieces, shapes, liquid or cream, containing soap or not; for retail, paper, wadding, felt and nonwovens, impregnated, coated or covered with soap or detergent","4","false","C00","TOTAL CPC","0 ","0","TOTAL MOT","8","kg","1351622.32","false","8","kg","1351622.32","false","1351622.32","false",,"false",,"2490144.17","2490144.17","0","false","true",
"C","A","20170101","2017","52","2017","643","RUS","Russian Federation","X","Export","276","DEU","Germany","0","W00","World","H5","HS","true","3401","Soap; organic surface-active preparations used as soap, skin washing, in bars, cakes, moulded pieces, shapes, liquid or cream, containing soap or not; for retail, paper, wadding, felt and nonwovens, impregnated, coated or covered with soap or detergent","4","false","C00","TOTAL CPC","0 ","0","TOTAL MOT","8","kg","2981.81","false","8","kg","2981.81","false","2981.81","false",,"false",,"16368.98","16368.98","0","false","true",
"C","A","20170101","2017","52","2017","643","RUS","Russian Federation","X","Export","340","HND","Honduras","0","W00","World","H5","HS","true","3401","Soap; organic surface-active preparations used as soap, skin washing, in bars, cakes, moulded pieces, shapes, liquid or cream, containing soap or not; for retail, paper, wadding, felt and nonwovens, impregnated, coated or covered with soap or detergent","4","false","C00","TOTAL CPC","0 ","0","TOTAL MOT","8","kg","20","false","8","kg","20","false","20","false",,"false",,"48.35","48.35","0","false","true",
"C","A","20170101","2017","52","2017","643","RUS","Russian Federation","X","Export","344","HKG","China, Hong Kong SAR","0","W00","World","H5","HS","true","3401","Soap; organic surface-active preparations used as soap, skin washing, in bars, cakes, moulded pieces, shapes, liquid or cream, containing soap or not; for retail, paper, wadding, felt and nonwovens, impregnated, coated or covered with soap or detergent","4","false","C00","TOTAL CPC","0 ","0","TOTAL MOT","8","kg","962.62","false","8","kg","962.62","false","962.62","false",,"false",,"9681.72","9681.72","0","false","true",
"C","A","20170101","2017","52","2017","643","RUS","Russian Federation","X","Export","348","HUN","Hungary","0","W00","World","H5","HS","true","3401","Soap; organic surface-active preparations used as soap, skin washing, in bars, cakes, moulded pieces, shapes, liquid or cream, containing soap or not; for retail, paper, wadding, felt and nonwovens, impregnated, coated or covered with soap or detergent","4","false","C00","TOTAL CPC","0 ","0","TOTAL MOT","8","kg","19642.13","false","8","kg","19642.13","false","19642.13","false",,"false",,"29728.92","29728.92","0","false","true",
"C","A","20170101","2017","52","2017","643","RUS","Russian Federation","X","Export","352","ISL","Iceland","0","W00","World","H5","HS","true","3401","Soap; organic surface-active preparations used as soap, skin washing, in bars, cakes, moulded pieces, shapes, liquid or cream, containing soap or not; for retail, paper, wadding, felt and nonwovens, impregnated, coated or covered with soap or detergent","4","false","C00","TOTAL CPC","0 ","0","TOTAL MOT","8","kg","8","false","8","kg","8","false","8","false",,"false",,"19.34","19.34","0","false","true",
"C","A","20170101","2017","52","2017","643","RUS","Russian Federation","X","Export","376","ISR","Israel","0","W00","World","H5","HS","true","3401","Soap; organic surface-active preparations used as soap, skin washing, in bars, cakes, moulded pieces, shapes, liquid or cream, containing soap or not; for retail, paper, wadding, felt and nonwovens, impregnated, coated or covered with soap or detergent","4","false","C00","TOTAL CPC","0 ","0","TOTAL MOT","8","kg","88.01","false","8","kg","88.01","false","88.01","false",,"false",,"701.36","701.36","0","false","true",
"C","A","20170101","2017","52","2017","643","RUS","Russian Federation","X","Export","392","JPN","Japan","0","W00","World","H5","HS","true","3401","Soap; organic surface-active preparations used as soap, skin washing, in bars, cakes, moulded pieces, shapes, liquid or cream, containing soap or not; for retail, paper, wadding, felt and nonwovens, impregnated, coated or covered with soap or detergent","4","false","C00","TOTAL CPC","0 ","0","TOTAL MOT","8","kg","824.75","false","8","kg","824.75","false","824.75","false",,"false",,"2728.65","2728.65","0","false","true",
"C","A","20170101","2017","52","2017","643","RUS","Russian Federation","X","Export","398","KAZ","Kazakhstan","0","W00","World","H5","HS","true","3401","Soap; organic surface-active preparations used as soap, skin washing, in bars, cakes, moulded pieces, shapes, liquid or cream, containing soap or not; for retail, paper, wadding, felt and nonwovens, impregnated, coated or covered with soap or detergent","4","false","C00","TOTAL CPC","0 ","0","TOTAL MOT","8","kg","55078511","false","8","kg","55078511","false","55078511","false",,"false",,"54218081","54218081","0","false","true",
"C","A","20170101","2017","52","2017","643","RUS","Russian Federation","X","Export","408","PRK","Dem. People's Rep. of Korea","0","W00","World","H5","HS","true","3401","Soap; organic surface-active preparations used as soap, skin washing, in bars, cakes, moulded pieces, shapes, liquid or cream, containing soap or not; for retail, paper, wadding, felt and nonwovens, impregnated, coated or covered with soap or detergent","4","false","C00","TOTAL CPC","0 ","0","TOTAL MOT","8","kg","122621.4","false","8","kg","122621.4","false","122621.4","false",,"false",,"55882.73","55882.73","0","false","true",
"C","A","20170101","2017","52","2017","643","RUS","Russian Federation","X","Export","410","KOR","Rep. of Korea","0","W00","World","H5","HS","true","3401","Soap; organic surface-active preparations used as soap, skin washing, in bars, cakes, moulded pieces, shapes, liquid or cream, containing soap or not; for retail, paper, wadding, felt and nonwovens, impregnated, coated or covered with soap or detergent","4","false","C00","TOTAL CPC","0 ","0","TOTAL MOT","8","kg","44.57","false","8","kg","44.57","false","44.57","false",,"false",,"152.81","152.81","0","false","true",
"C","A","20170101","2017","52","2017","643","RUS","Russian Federation","X","Export","414","KWT","Kuwait","0","W00","World","H5","HS","true","3401","Soap; organic surface-active preparations used as soap, skin washing, in bars, cakes, moulded pieces, shapes, liquid or cream, containing soap or not; for retail, paper, wadding, felt and nonwovens, impregnated, coated or covered with soap or detergent","4","false","C00","TOTAL CPC","0 ","0","TOTAL MOT","8","kg","4.8","false","8","kg","4.8","false","4.8","false",,"false",,"53.79","53.79","0","false","true",
"C","A","20170101","2017","52","2017","643","RUS","Russian Federation","X","Export","417","KGZ","Kyrgyzstan","0","W00","World","H5","HS","true","3401","Soap; organic surface-active preparations used as soap, skin washing, in bars, cakes, moulded pieces, shapes, liquid or cream, containing soap or not; for retail, paper, wadding, felt and nonwovens, impregnated, coated or covered with soap or detergent","4","false","C00","TOTAL CPC","0 ","0","TOTAL MOT","8","kg","4348124","false","8","kg","4348124","false","4348124","false",,"false",,"5762964","5762964","0","false","true",
"C","A","20170101","2017","52","2017","643","RUS","Russian Federation","X","Export","428","LVA","Latvia","0","W00","World","H5","HS","true","3401","Soap; organic surface-active preparations used as soap, skin washing, in bars, cakes, moulded pieces, shapes, liquid or cream, containing soap or not; for retail, paper, wadding, felt and nonwovens, impregnated, coated or covered with soap or detergent","4","false","C00","TOTAL CPC","0 ","0","TOTAL MOT","8","kg","483955.83","false","8","kg","483955.83","false","483955.83","false",,"false",,"1108631.87","1108631.87","0","false","true",
"C","A","20170101","2017","52","2017","643","RUS","Russian Federation","X","Export","440","LTU","Lithuania","0","W00","World","H5","HS","true","3401","Soap; organic surface-active preparations used as soap, skin washing, in bars, cakes, moulded pieces, shapes, liquid or cream, containing soap or not; for retail, paper, wadding, felt and nonwovens, impregnated, coated or covered with soap or detergent","4","false","C00","TOTAL CPC","0 ","0","TOTAL MOT","8","kg","582050.73","false","8","kg","582050.73","false","582050.73","false",,"false",,"1401056.03","1401056.03","0","false","true",
"C","A","20170101","2017","52","2017","643","RUS","Russian Federation","X","Export","458","MYS","Malaysia","0","W00","World","H5","HS","true","3401","Soap; organic surface-active preparations used as soap, skin washing, in bars, cakes, moulded pieces, shapes, liquid or cream, containing soap or not; for retail, paper, wadding, felt and nonwovens, impregnated, coated or covered with soap or detergent","4","false","C00","TOTAL CPC","0 ","0","TOTAL MOT","8","kg","0.4","false","8","kg","0.4","false","0.4","false",,"false",,"1.88","1.88","0","false","true",
"C","A","20170101","2017","52","2017","643","RUS","Russian Federation","X","Export","470","MLT","Malta","0","W00","World","H5","HS","true","3401","Soap; organic surface-active preparations used as soap, skin washing, in bars, cakes, moulded pieces, shapes, liquid or cream, containing soap or not; for retail, paper, wadding, felt and nonwovens, impregnated, coated or covered with soap or detergent","4","false","C00","TOTAL CPC","0 ","0","TOTAL MOT","8","kg","2880","false","8","kg","2880","false","2880","false",,"false",,"1530.06","1530.06","0","false","true",
"C","A","20170101","2017","52","2017","643","RUS","Russian Federation","X","Export","484","MEX","Mexico","0","W00","World","H5","HS","true","3401","Soap; organic surface-active preparations used as soap, skin washing, in bars, cakes, moulded pieces, shapes, liquid or cream, containing soap or not; for retail, paper, wadding, felt and nonwovens, impregnated, coated or covered with soap or detergent","4","false","C00","TOTAL CPC","0 ","0","TOTAL MOT","8","kg","67.28","false","8","kg","67.28","false","67.28","false",,"false",,"594.28","594.28","0","false","true",
"C","A","20170101","2017","52","2017","643","RUS","Russian Federation","X","Export","490","S19","Other Asia, nes","0","W00","World","H5","HS","true","3401","Soap; organic surface-active preparations used as soap, skin washing, in bars, cakes, moulded pieces, shapes, liquid or cream, containing soap or not; for retail, paper, wadding, felt and nonwovens, impregnated, coated or covered with soap or detergent","4","false","C00","TOTAL CPC","0 ","0","TOTAL MOT","8","kg","604.8","false","8","kg","604.8","false","604.8","false",,"false",,"4777.09","4777.09","0","false","true",
"C","A","20170101","2017","52","2017","643","RUS","Russian Federation","X","Export","496","MNG","Mongolia","0","W00","World","H5","HS","true","3401","Soap; organic surface-active preparations used as soap, skin washing, in bars, cakes, moulded pieces, shapes, liquid or cream, containing soap or not; for retail, paper, wadding, felt and nonwovens, impregnated, coated or covered with soap or detergent","4","false","C00","TOTAL CPC","0 ","0","TOTAL MOT","8","kg","1234344.08","false","8","kg","1234344.08","false","1234344.08","false",,"false",,"2419308.12","2419308.12","0","false","true",
"C","A","20170101","2017","52","2017","643","RUS","Russian Federation","X","Export","498","MDA","Rep. of Moldova","0","W00","World","H5","HS","true","3401","Soap; organic surface-active preparations used as soap, skin washing, in bars, cakes, moulded pieces, shapes, liquid or cream, containing soap or not; for retail, paper, wadding, felt and nonwovens, impregnated, coated or covered with soap or detergent","4","false","C00","TOTAL CPC","0 ","0","TOTAL MOT","8","kg","605280.26","false","8","kg","605280.26","false","605280.26","false",,"false",,"1131858.79","1131858.79","0","false","true",
"C","A","20170101","2017","52","2017","643","RUS","Russian Federation","X","Export","504","MAR","Morocco","0","W00","World","H5","HS","true","3401","Soap; organic surface-active preparations used as soap, skin washing, in bars, cakes, moulded pieces, shapes, liquid or cream, containing soap or not; for retail, paper, wadding, felt and nonwovens, impregnated, coated or covered with soap or detergent","4","false","C00","TOTAL CPC","0 ","0","TOTAL MOT","8","kg","843.4","false","8","kg","843.4","false","843.4","false",,"false",,"3258.36","3258.36","0","false","true",
"C","A","20170101","2017","52","2017","643","RUS","Russian Federation","X","Export","528","NLD","Netherlands","0","W00","World","H5","HS","true","3401","Soap; organic surface-active preparations used as soap, skin washing, in bars, cakes, moulded pieces, shapes, liquid or cream, containing soap or not; for retail, paper, wadding, felt and nonwovens, impregnated, coated or covered with soap or detergent","4","false","C00","TOTAL CPC","0 ","0","TOTAL MOT","8","kg","34919.87","false","8","kg","34919.87","false","34919.87","false",,"false",,"30088.64","30088.64","0","false","true",
"C","A","20170101","2017","52","2017","643","RUS","Russian Federation","X","Export","554","NZL","New Zealand","0","W00","World","H5","HS","true","3401","Soap; organic surface-active preparations used as soap, skin washing, in bars, cakes, moulded pieces, shapes, liquid or cream, containing soap or not; for retail, paper, wadding, felt and nonwovens, impregnated, coated or covered with soap or detergent","4","false","C00","TOTAL CPC","0 ","0","TOTAL MOT","8","kg","198","false","8","kg","198","false","198","false",,"false",,"989.52","989.52","0","false","true",
"C","A","20170101","2017","52","2017","643","RUS","Russian Federation","X","Export","616","POL","Poland","0","W00","World","H5","HS","true","3401","Soap; organic surface-active preparations used as soap, skin washing, in bars, cakes, moulded pieces, shapes, liquid or cream, containing soap or not; for retail, paper, wadding, felt and nonwovens, impregnated, coated or covered with soap or detergent","4","false","C00","TOTAL CPC","0 ","0","TOTAL MOT","8","kg","146681.01","false","8","kg","146681.01","false","146681.01","false",,"false",,"289333.96","289333.96","0","false","true",
"C","A","20170101","2017","52","2017","643","RUS","Russian Federation","X","Export","642","ROU","Romania","0","W00","World","H5","HS","true","3401","Soap; organic surface-active preparations used as soap, skin washing, in bars, cakes, moulded pieces, shapes, liquid or cream, containing soap or not; for retail, paper, wadding, felt and nonwovens, impregnated, coated or covered with soap or detergent","4","false","C00","TOTAL CPC","0 ","0","TOTAL MOT","8","kg","452","false","8","kg","452","false","452","false",,"false",,"563.49","563.49","0","false","true",
"C","A","20170101","2017","52","2017","643","RUS","Russian Federation","X","Export","686","SEN","Senegal","0","W00","World","H5","HS","true","3401","Soap; organic surface-active preparations used as soap, skin washing, in bars, cakes, moulded pieces, shapes, liquid or cream, containing soap or not; for retail, paper, wadding, felt and nonwovens, impregnated, coated or covered with soap or detergent","4","false","C00","TOTAL CPC","0 ","0","TOTAL MOT","8","kg","8618.09","false","8","kg","8618.09","false","8618.09","false",,"false",,"6693.86","6693.86","0","false","true",
"C","A","20170101","2017","52","2017","643","RUS","Russian Federation","X","Export","688","SRB","Serbia","0","W00","World","H5","HS","true","3401","Soap; organic surface-active preparations used as soap, skin washing, in bars, cakes, moulded pieces, shapes, liquid or cream, containing soap or not; for retail, paper, wadding, felt and nonwovens, impregnated, coated or covered with soap or detergent","4","false","C00","TOTAL CPC","0 ","0","TOTAL MOT","8","kg","4680.75","false","8","kg","4680.75","false","4680.75","false",,"false",,"20943.74","20943.74","0","false","true",
"C","A","20170101","2017","52","2017","643","RUS","Russian Federation","X","Export","699","IND","India","0","W00","World","H5","HS","true","3401","Soap; organic surface-active preparations used as soap, skin washing, in bars, cakes, moulded pieces, shapes, liquid or cream, containing soap or not; for retail, paper, wadding, felt and nonwovens, impregnated, coated or covered with soap or detergent","4","false","C00","TOTAL CPC","0 ","0","TOTAL MOT","8","kg","120.75","false","8","kg","120.75","false","120.75","false",,"false",,"981.67","981.67","0","false","true",
"C","A","20170101","2017","52","2017","643","RUS","Russian Federation","X","Export","702","SGP","Singapore","0","W00","World","H5","HS","true","3401","Soap; organic surface-active preparations used as soap, skin washing, in bars, cakes, moulded pieces, shapes, liquid or cream, containing soap or not; for retail, paper, wadding, felt and nonwovens, impregnated, coated or covered with soap or detergent","4","false","C00","TOTAL CPC","0 ","0","TOTAL MOT","8","kg","24792.49","false","8","kg","24792.49","false","24792.49","false",,"false",,"49809.6","49809.6","0","false","true",
"C","A","20170101","2017","52","2017","643","RUS","Russian Federation","X","Export","704","VNM","Viet Nam","0","W00","World","H5","HS","true","3401","Soap; organic surface-active preparations used as soap, skin washing, in bars, cakes, moulded pieces, shapes, liquid or cream, containing soap or not; for retail, paper, wadding, felt and nonwovens, impregnated, coated or covered with soap or detergent","4","false","C00","TOTAL CPC","0 ","0","TOTAL MOT","8","kg","68872.57","false","8","kg","68872.57","false","68872.57","false",,"false",,"268998.9","268998.9","0","false","true",
"C","A","20170101","2017","52","2017","643","RUS","Russian Federation","X","Export","705","SVN","Slovenia","0","W00","World","H5","HS","true","3401","Soap; organic surface-active preparations used as soap, skin washing, in bars, cakes, moulded pieces, shapes, liquid or cream, containing soap or not; for retail, paper, wadding, felt and nonwovens, impregnated, coated or covered with soap or detergent","4","false","C00","TOTAL CPC","0 ","0","TOTAL MOT","8","kg","3.6","false","8","kg","3.6","false","3.6","false",,"false",,"160","160","0","false","true",
"C","A","20170101","2017","52","2017","643","RUS","Russian Federation","X","Export","706","SOM","Somalia","0","W00","World","H5","HS","true","3401","Soap; organic surface-active preparations used as soap, skin washing, in bars, cakes, moulded pieces, shapes, liquid or cream, containing soap or not; for retail, paper, wadding, felt and nonwovens, impregnated, coated or covered with soap or detergent","4","false","C00","TOTAL CPC","0 ","0","TOTAL MOT","8","kg","1310","false","8","kg","1310","false","1310","false",,"false",,"577.59","577.59","0","false","true",
"C","A","20170101","2017","52","2017","643","RUS","Russian Federation","X","Export","710","ZAF","South Africa","0","W00","World","H5","HS","true","3401","Soap; organic surface-active preparations used as soap, skin washing, in bars, cakes, moulded pieces, shapes, liquid or cream, containing soap or not; for retail, paper, wadding, felt and nonwovens, impregnated, coated or covered with soap or detergent","4","false","C00","TOTAL CPC","0 ","0","TOTAL MOT","8","kg","595.99","false","8","kg","595.99","false","595.99","false",,"false",,"1264.04","1264.04","0","false","true",
"C","A","20170101","2017","52","2017","643","RUS","Russian Federation","X","Export","724","ESP","Spain","0","W00","World","H5","HS","true","3401","Soap; organic surface-active preparations used as soap, skin washing, in bars, cakes, moulded pieces, shapes, liquid or cream, containing soap or not; for retail, paper, wadding, felt and nonwovens, impregnated, coated or covered with soap or detergent","4","false","C00","TOTAL CPC","0 ","0","TOTAL MOT","8","kg","605","false","8","kg","605","false","605","false",,"false",,"3985.43","3985.43","0","false","true",
"C","A","20170101","2017","52","2017","643","RUS","Russian Federation","X","Export","729","SDN","Sudan","0","W00","World","H5","HS","true","3401","Soap; organic surface-active preparations used as soap, skin washing, in bars, cakes, moulded pieces, shapes, liquid or cream, containing soap or not; for retail, paper, wadding, felt and nonwovens, impregnated, coated or covered with soap or detergent","4","false","C00","TOTAL CPC","0 ","0","TOTAL MOT","8","kg","285","false","8","kg","285","false","285","false",,"false",,"50.86","50.86","0","false","true",
"C","A","20170101","2017","52","2017","643","RUS","Russian Federation","X","Export","752","SWE","Sweden","0","W00","World","H5","HS","true","3401","Soap; organic surface-active preparations used as soap, skin washing, in bars, cakes, moulded pieces, shapes, liquid or cream, containing soap or not; for retail, paper, wadding, felt and nonwovens, impregnated, coated or covered with soap or detergent","4","false","C00","TOTAL CPC","0 ","0","TOTAL MOT","8","kg","0.68","false","8","kg","0.68","false","0.68","false",,"false",,"5.32","5.32","0","false","true",
"C","A","20170101","2017","52","2017","643","RUS","Russian Federation","X","Export","757","CHE","Switzerland","0","W00","World","H5","HS","true","3401","Soap; organic surface-active preparations used as soap, skin washing, in bars, cakes, moulded pieces, shapes, liquid or cream, containing soap or not; for retail, paper, wadding, felt and nonwovens, impregnated, coated or covered with soap or detergent","4","false","C00","TOTAL CPC","0 ","0","TOTAL MOT","8","kg","35.81","false","8","kg","35.81","false","35.81","false",,"false",,"1338.67","1338.67","0","false","true",
"C","A","20170101","2017","52","2017","643","RUS","Russian Federation","X","Export","760","SYR","Syria","0","W00","World","H5","HS","true","3401","Soap; organic surface-active preparations used as soap, skin washing, in bars, cakes, moulded pieces, shapes, liquid or cream, containing soap or not; for retail, paper, wadding, felt and nonwovens, impregnated, coated or covered with soap or detergent","4","false","C00","TOTAL CPC","0 ","0","TOTAL MOT","8","kg","51.1","false","8","kg","51.1","false","51.1","false",,"false",,"1008.32","1008.32","0","false","true",
"C","A","20170101","2017","52","2017","643","RUS","Russian Federation","X","Export","762","TJK","Tajikistan","0","W00","World","H5","HS","true","3401","Soap; organic surface-active preparations used as soap, skin washing, in bars, cakes, moulded pieces, shapes, liquid or cream, containing soap or not; for retail, paper, wadding, felt and nonwovens, impregnated, coated or covered with soap or detergent","4","false","C00","TOTAL CPC","0 ","0","TOTAL MOT","8","kg","7416166.18","false","8","kg","7416166.18","false","7416166.18","false",,"false",,"5440963.47","5440963.47","0","false","true",
"C","A","20170101","2017","52","2017","643","RUS","Russian Federation","X","Export","764","THA","Thailand","0","W00","World","H5","HS","true","3401","Soap; organic surface-active preparations used as soap, skin washing, in bars, cakes, moulded pieces, shapes, liquid or cream, containing soap or not; for retail, paper, wadding, felt and nonwovens, impregnated, coated or covered with soap or detergent","4","false","C00","TOTAL CPC","0 ","0","TOTAL MOT","8","kg","215.95","false","8","kg","215.95","false","215.95","false",,"false",,"279.69","279.69","0","false","true",
"C","A","20170101","2017","52","2017","643","RUS","Russian Federation","X","Export","784","ARE","United Arab Emirates","0","W00","World","H5","HS","true","3401","Soap; organic surface-active preparations used as soap, skin washing, in bars, cakes, moulded pieces, shapes, liquid or cream, containing soap or not; for retail, paper, wadding, felt and nonwovens, impregnated, coated or covered with soap or detergent","4","false","C00","TOTAL CPC","0 ","0","TOTAL MOT","8","kg","78715.68","false","8","kg","78715.68","false","78715.68","false",,"false",,"121804.05","121804.05","0","false","true",
"C","A","20170101","2017","52","2017","643","RUS","Russian Federation","X","Export","792","TUR","Türkiye","0","W00","World","H5","HS","true","3401","Soap; organic surface-active preparations used as soap, skin washing, in bars, cakes, moulded pieces, shapes, liquid or cream, containing soap or not; for retail, paper, wadding, felt and nonwovens, impregnated, coated or covered with soap or detergent","4","false","C00","TOTAL CPC","0 ","0","TOTAL MOT","8","kg","313997.28","false","8","kg","313997.28","false","313997.28","false",,"false",,"563868.93","563868.93","0","false","true",
"C","A","20170101","2017","52","2017","643","RUS","Russian Federation","X","Export","795","TKM","Turkmenistan","0","W00","World","H5","HS","true","3401","Soap; organic surface-active preparations used as soap, skin washing, in bars, cakes, moulded pieces, shapes, liquid or cream, containing soap or not; for retail, paper, wadding, felt and nonwovens, impregnated, coated or covered with soap or detergent","4","false","C00","TOTAL CPC","0 ","0","TOTAL MOT","8","kg","647055.77","false","8","kg","647055.77","false","647055.77","false",,"false",,"1360735.1","1360735.1","0","false","true",
"C","A","20170101","2017","52","2017","643","RUS","Russian Federation","X","Export","804","UKR","Ukraine","0","W00","World","H5","HS","true","3401","Soap; organic surface-active preparations used as soap, skin washing, in bars, cakes, moulded pieces, shapes, liquid or cream, containing soap or not; for retail, paper, wadding, felt and nonwovens, impregnated, coated or covered with soap or detergent","4","false","C00","TOTAL CPC","0 ","0","TOTAL MOT","8","kg","5536040.2","false","8","kg","5536040.2","false","5536040.2","false",,"false",,"8022814","8022814","0","false","true",
"C","A","20170101","2017","52","2017","643","RUS","Russian Federation","X","Export","826","GBR","United Kingdom","0","W00","World","H5","HS","true","3401","Soap; organic surface-active preparations used as soap, skin washing, in bars, cakes, moulded pieces, shapes, liquid or cream, containing soap or not; for retail, paper, wadding, felt and nonwovens, impregnated, coated or covered with soap or detergent","4","false","C00","TOTAL CPC","0 ","0","TOTAL MOT","8","kg","37647.9","false","8","kg","37647.9","false","37647.9","false",,"false",,"63461.25","63461.25","0","false","true",
"C","A","20170101","2017","52","2017","643","RUS","Russian Federation","X","Export","842","USA","USA","0","W00","World","H5","HS","true","3401","Soap; organic surface-active preparations used as soap, skin washing, in bars, cakes, moulded pieces, shapes, liquid or cream, containing soap or not; for retail, paper, wadding, felt and nonwovens, impregnated, coated or covered with soap or detergent","4","false","C00","TOTAL CPC","0 ","0","TOTAL MOT","8","kg","27357.08","false","8","kg","27357.08","false","27357.08","false",,"false",,"67978.17","67978.17","0","false","true",
"C","A","20170101","2017","52","2017","643","RUS","Russian Federation","X","Export","860","UZB","Uzbekistan","0","W00","World","H5","HS","true","3401","Soap; organic surface-active preparations used as soap, skin washing, in bars, cakes, moulded pieces, shapes, liquid or cream, containing soap or not; for retail, paper, wadding, felt and nonwovens, impregnated, coated or covered with soap or detergent","4","false","C00","TOTAL CPC","0 ","0","TOTAL MOT","8","kg","1912389.21","false","8","kg","1912389.21","false","1912389.21","false",,"false",,"3107526.82","3107526.82","0","false","true",
"C","A","20170101","2017","52","2017","643","RUS","Russian Federation","X","Export","862","VEN","Venezuela","0","W00","World","H5","HS","true","3401","Soap; organic surface-active preparations used as soap, skin washing, in bars, cakes, moulded pieces, shapes, liquid or cream, containing soap or not; for retail, paper, wadding, felt and nonwovens, impregnated, coated or covered with soap or detergent","4","false","C00","TOTAL CPC","0 ","0","TOTAL MOT","8","kg","22.5","false","8","kg","22.5","false","22.5","false",,"false",,"23.98","23.98","0","false","true",
"C","A","20170101","2017","52","2017","643","RUS","Russian Federation","X","Export","899","_X ","Areas, nes","0","W00","World","H5","HS","true","3401","Soap; organic surface-active preparations used as soap, skin washing, in bars, cakes, moulded pieces, shapes, liquid or cream, containing soap or not; for retail, paper, wadding, felt and nonwovens, impregnated, coated or covered with soap or detergent","4","false","C00","TOTAL CPC","0 ","0","TOTAL MOT","8","kg","223608.09","false","8","kg","223608.09","false","223608.09","false",,"false",,"489324.43","489324.43","0","false","true",
"C","A","20180101","2018","52","2018","643","RUS","Russian Federation","X","Export","0","W00","World","0","W00","World","H5","HS","true","3401","Soap; organic surface-active preparations used as soap, skin washing, in bars, cakes, moulded pieces, shapes, liquid or cream, containing soap or not; for retail, paper, wadding, felt and nonwovens, impregnated, coated or covered with soap or detergent","4","false","C00","TOTAL CPC","0 ","0","TOTAL MOT","8","kg","76841495.85","false","8","kg","76841495.85","false","76841495.85","false",,"false",,"107247990.55","107247990.55","0","false","true",
"C","A","20180101","2018","52","2018","643","RUS","Russian Federation","X","Export","4","AFG","Afghanistan","0","W00","World","H5","HS","true","3401","Soap; organic surface-active preparations used as soap, skin washing, in bars, cakes, moulded pieces, shapes, liquid or cream, containing soap or not; for retail, paper, wadding, felt and nonwovens, impregnated, coated or covered with soap or detergent","4","false","C00","TOTAL CPC","0 ","0","TOTAL MOT","8","kg","775883","false","8","kg","775883","false","775883","false",,"false",,"494981.38","494981.38","0","false","true",
"C","A","20180101","2018","52","2018","643","RUS","Russian Federation","X","Export","8","ALB","Albania","0","W00","World","H5","HS","true","3401","Soap; organic surface-active preparations used as soap, skin washing, in bars, cakes, moulded pieces, shapes, liquid or cream, containing soap or not; for retail, paper, wadding, felt and nonwovens, impregnated, coated or covered with soap or detergent","4","false","C00","TOTAL CPC","0 ","0","TOTAL MOT","8","kg","152.95","false","8","kg","152.95","false","152.95","false",,"false",,"186.54","186.54","0","false","true",
"C","A","20180101","2018","52","2018","643","RUS","Russian Federation","X","Export","31","AZE","Azerbaijan","0","W00","World","H5","HS","true","3401","Soap; organic surface-active preparations used as soap, skin washing, in bars, cakes, moulded pieces, shapes, liquid or cream, containing soap or not; for retail, paper, wadding, felt and nonwovens, impregnated, coated or covered with soap or detergent","4","false","C00","TOTAL CPC","0 ","0","TOTAL MOT","8","kg","2914639.72","false","8","kg","2914639.72","false","2914639.72","false",,"false",,"4277208.61","4277208.61","0","false","true",
"C","A","20180101","2018","52","2018","643","RUS","Russian Federation","X","Export","36","AUS","Australia","0","W00","World","H5","HS","true","3401","Soap; organic surface-active preparations used as soap, skin washing, in bars, cakes, moulded pieces, shapes, liquid or cream, containing soap or not; for retail, paper, wadding, felt and nonwovens, impregnated, coated or covered with soap or detergent","4","false","C00","TOTAL CPC","0 ","0","TOTAL MOT","8","kg","958","false","8","kg","958","false","958","false",,"false",,"1962.48","1962.48","0","false","true",
"C","A","20180101","2018","52","2018","643","RUS","Russian Federation","X","Export","40","AUT","Austria","0","W00","World","H5","HS","true","3401","Soap; organic surface-active preparations used as soap, skin washing, in bars, cakes, moulded pieces, shapes, liquid or cream, containing soap or not; for retail, paper, wadding, felt and nonwovens, impregnated, coated or covered with soap or detergent","4","false","C00","TOTAL CPC","0 ","0","TOTAL MOT","8","kg","10","false","8","kg","10","false","10","false",,"false",,"75.93","75.93","0","false","true",
"C","A","20180101","2018","52","2018","643","RUS","Russian Federation","X","Export","51","ARM","Armenia","0","W00","World","H5","HS","true","3401","Soap; organic surface-active preparations used as soap, skin washing, in bars, cakes, moulded pieces, shapes, liquid or cream, containing soap or not; for retail, paper, wadding, felt and nonwovens, impregnated, coated or covered with soap or detergent","4","false","C00","TOTAL CPC","0 ","0","TOTAL MOT","8","kg","1313579","false","8","kg","1313579","false","1313579","false",,"false",,"2456016","2456016","0","false","true",
"C","A","20180101","2018","52","2018","643","RUS","Russian Federation","X","Export","56","BEL","Belgium","0","W00","World","H5","HS","true","3401","Soap; organic surface-active preparations used as soap, skin washing, in bars, cakes, moulded pieces, shapes, liquid or cream, containing soap or not; for retail, paper, wadding, felt and nonwovens, impregnated, coated or covered with soap or detergent","4","false","C00","TOTAL CPC","0 ","0","TOTAL MOT","8","kg","1237.14","false","8","kg","1237.14","false","1237.14","false",,"false",,"25095.96","25095.96","0","false","true",
"C","A","20180101","2018","52","2018","643","RUS","Russian Federation","X","Export","70","BIH","Bosnia Herzegovina","0","W00","World","H5","HS","true","3401","Soap; organic surface-active preparations used as soap, skin washing, in bars, cakes, moulded pieces, shapes, liquid or cream, containing soap or not; for retail, paper, wadding, felt and nonwovens, impregnated, coated or covered with soap or detergent","4","false","C00","TOTAL CPC","0 ","0","TOTAL MOT","8","kg","134.55","false","8","kg","134.55","false","134.55","false",,"false",,"690.78","690.78","0","false","true",
"C","A","20180101","2018","52","2018","643","RUS","Russian Federation","X","Export","76","BRA","Brazil","0","W00","World","H5","HS","true","3401","Soap; organic surface-active preparations used as soap, skin washing, in bars, cakes, moulded pieces, shapes, liquid or cream, containing soap or not; for retail, paper, wadding, felt and nonwovens, impregnated, coated or covered with soap or detergent","4","false","C00","TOTAL CPC","0 ","0","TOTAL MOT","8","kg","19971.32","false","8","kg","19971.32","false","19971.32","false",,"false",,"31870.43","31870.43","0","false","true",
"C","A","20180101","2018","52","2018","643","RUS","Russian Federation","X","Export","100","BGR","Bulgaria","0","W00","World","H5","HS","true","3401","Soap; organic surface-active preparations used as soap, skin washing, in bars, cakes, moulded pieces, shapes, liquid or cream, containing soap or not; for retail, paper, wadding, felt and nonwovens, impregnated, coated or covered with soap or detergent","4","false","C00","TOTAL CPC","0 ","0","TOTAL MOT","8","kg","716.66","false","8","kg","716.66","false","716.66","false",,"false",,"4048.73","4048.73","0","false","true",
"C","A","20180101","2018","52","2018","643","RUS","Russian Federation","X","Export","104","MMR","Myanmar","0","W00","World","H5","HS","true","3401","Soap; organic surface-active preparations used as soap, skin washing, in bars, cakes, moulded pieces, shapes, liquid or cream, containing soap or not; for retail, paper, wadding, felt and nonwovens, impregnated, coated or covered with soap or detergent","4","false","C00","TOTAL CPC","0 ","0","TOTAL MOT","8","kg","2","false","8","kg","2","false","2","false",,"false",,"15.26","15.26","0","false","true",
"C","A","20180101","2018","52","2018","643","RUS","Russian Federation","X","Export","112","BLR","Belarus","0","W00","World","H5","HS","true","3401","Soap; organic surface-active preparations used as soap, skin washing, in bars, cakes, moulded pieces, shapes, liquid or cream, containing soap or not; for retail, paper, wadding, felt and nonwovens, impregnated, coated or covered with soap or detergent","4","false","C00","TOTAL CPC","0 ","0","TOTAL MOT","8","kg","11179339","false","8","kg","11179339","false","11179339","false",,"false",,"19451361","19451361","0","false","true",
"C","A","20180101","2018","52","2018","643","RUS","Russian Federation","X","Export","124","CAN","Canada","0","W00","World","H5","HS","true","3401","Soap; organic surface-active preparations used as soap, skin washing, in bars, cakes, moulded pieces, shapes, liquid or cream, containing soap or not; for retail, paper, wadding, felt and nonwovens, impregnated, coated or covered with soap or detergent","4","false","C00","TOTAL CPC","0 ","0","TOTAL MOT","8","kg","262.95","false","8","kg","262.95","false","262.95","false",,"false",,"976.35","976.35","0","false","true",
"C","A","20180101","2018","52","2018","643","RUS","Russian Federation","X","Export","156","CHN","China","0","W00","World","H5","HS","true","3401","Soap; organic surface-active preparations used as soap, skin washing, in bars, cakes, moulded pieces, shapes, liquid or cream, containing soap or not; for retail, paper, wadding, felt and nonwovens, impregnated, coated or covered with soap or detergent","4","false","C00","TOTAL CPC","0 ","0","TOTAL MOT","8","kg","203937.95","false","8","kg","203937.95","false","203937.95","false",,"false",,"393833.89","393833.89","0","false","true",
"C","A","20180101","2018","52","2018","643","RUS","Russian Federation","X","Export","192","CUB","Cuba","0","W00","World","H5","HS","true","3401","Soap; organic surface-active preparations used as soap, skin washing, in bars, cakes, moulded pieces, shapes, liquid or cream, containing soap or not; for retail, paper, wadding, felt and nonwovens, impregnated, coated or covered with soap or detergent","4","false","C00","TOTAL CPC","0 ","0","TOTAL MOT","8","kg","21.4","false","8","kg","21.4","false","21.4","false",,"false",,"69.71","69.71","0","false","true",
"C","A","20180101","2018","52","2018","643","RUS","Russian Federation","X","Export","196","CYP","Cyprus","0","W00","World","H5","HS","true","3401","Soap; organic surface-active preparations used as soap, skin washing, in bars, cakes, moulded pieces, shapes, liquid or cream, containing soap or not; for retail, paper, wadding, felt and nonwovens, impregnated, coated or covered with soap or detergent","4","false","C00","TOTAL CPC","0 ","0","TOTAL MOT","8","kg","130.72","false","8","kg","130.72","false","130.72","false",,"false",,"90.72","90.72","0","false","true",
"C","A","20180101","2018","52","2018","643","RUS","Russian Federation","X","Export","203","CZE","Czechia","0","W00","World","H5","HS","true","3401","Soap; organic surface-active preparations used as soap, skin washing, in bars, cakes, moulded pieces, shapes, liquid or cream, containing soap or not; for retail, paper, wadding, felt and nonwovens, impregnated, coated or covered with soap or detergent","4","false","C00","TOTAL CPC","0 ","0","TOTAL MOT","8","kg","53174.01","false","8","kg","53174.01","false","53174.01","false",,"false",,"97826.87","97826.87","0","false","true",
"C","A","20180101","2018","52","2018","643","RUS","Russian Federation","X","Export","233","EST","Estonia","0","W00","World","H5","HS","true","3401","Soap; organic surface-active preparations used as soap, skin washing, in bars, cakes, moulded pieces, shapes, liquid or cream, containing soap or not; for retail, paper, wadding, felt and nonwovens, impregnated, coated or covered with soap or detergent","4","false","C00","TOTAL CPC","0 ","0","TOTAL MOT","8","kg","110144.71","false","8","kg","110144.71","false","110144.71","false",,"false",,"224310.31","224310.31","0","false","true",
"C","A","20180101","2018","52","2018","643","RUS","Russian Federation","X","Export","246","FIN","Finland","0","W00","World","H5","HS","true","3401","Soap; organic surface-active preparations used as soap, skin washing, in bars, cakes, moulded pieces, shapes, liquid or cream, containing soap or not; for retail, paper, wadding, felt and nonwovens, impregnated, coated or covered with soap or detergent","4","false","C00","TOTAL CPC","0 ","0","TOTAL MOT","8","kg","20.65","false","8","kg","20.65","false","20.65","false",,"false",,"299.55","299.55","0","false","true",
"C","A","20180101","2018","52","2018","643","RUS","Russian Federation","X","Export","251","FRA","France","0","W00","World","H5","HS","true","3401","Soap; organic surface-active preparations used as soap, skin washing, in bars, cakes, moulded pieces, shapes, liquid or cream, containing soap or not; for retail, paper, wadding, felt and nonwovens, impregnated, coated or covered with soap or detergent","4","false","C00","TOTAL CPC","0 ","0","TOTAL MOT","8","kg","347.46","false","8","kg","347.46","false","347.46","false",,"false",,"4880.39","4880.39","0","false","true",
"C","A","20180101","2018","52","2018","643","RUS","Russian Federation","X","Export","268","GEO","Georgia","0","W00","World","H5","HS","true","3401","Soap; organic surface-active preparations used as soap, skin washing, in bars, cakes, moulded pieces, shapes, liquid or cream, containing soap or not; for retail, paper, wadding, felt and nonwovens, impregnated, coated or covered with soap or detergent","4","false","C00","TOTAL CPC","0 ","0","TOTAL MOT","8","kg","1429882.35","false","8","kg","1429882.35","false","1429882.35","false",,"false",,"2460419.4","2460419.4","0","false","true",
"C","A","20180101","2018","52","2018","643","RUS","Russian Federation","X","Export","276","DEU","Germany","0","W00","World","H5","HS","true","3401","Soap; organic surface-active preparations used as soap, skin washing, in bars, cakes, moulded pieces, shapes, liquid or cream, containing soap or not; for retail, paper, wadding, felt and nonwovens, impregnated, coated or covered with soap or detergent","4","false","C00","TOTAL CPC","0 ","0","TOTAL MOT","8","kg","165195.97","false","8","kg","165195.97","false","165195.97","false",,"false",,"446912.5","446912.5","0","false","true",
"C","A","20180101","2018","52","2018","643","RUS","Russian Federation","X","Export","324","GIN","Guinea","0","W00","World","H5","HS","true","3401","Soap; organic surface-active preparations used as soap, skin washing, in bars, cakes, moulded pieces, shapes, liquid or cream, containing soap or not; for retail, paper, wadding, felt and nonwovens, impregnated, coated or covered with soap or detergent","4","false","C00","TOTAL CPC","0 ","0","TOTAL MOT","8","kg","350","false","8","kg","350","false","350","false",,"false",,"3192","3192","0","false","true",
"C","A","20180101","2018","52","2018","643","RUS","Russian Federation","X","Export","344","HKG","China, Hong Kong SAR","0","W00","World","H5","HS","true","3401","Soap; organic surface-active preparations used as soap, skin washing, in bars, cakes, moulded pieces, shapes, liquid or cream, containing soap or not; for retail, paper, wadding, felt and nonwovens, impregnated, coated or covered with soap or detergent","4","false","C00","TOTAL CPC","0 ","0","TOTAL MOT","8","kg","406.85","false","8","kg","406.85","false","406.85","false",,"false",,"9267.91","9267.91","0","false","true",
"C","A","20180101","2018","52","2018","643","RUS","Russian Federation","X","Export","348","HUN","Hungary","0","W00","World","H5","HS","true","3401","Soap; organic surface-active preparations used as soap, skin washing, in bars, cakes, moulded pieces, shapes, liquid or cream, containing soap or not; for retail, paper, wadding, felt and nonwovens, impregnated, coated or covered with soap or detergent","4","false","C00","TOTAL CPC","0 ","0","TOTAL MOT","8","kg","22765.47","false","8","kg","22765.47","false","22765.47","false",,"false",,"35634.35","35634.35","0","false","true",
"C","A","20180101","2018","52","2018","643","RUS","Russian Federation","X","Export","364","IRN","Iran","0","W00","World","H5","HS","true","3401","Soap; organic surface-active preparations used as soap, skin washing, in bars, cakes, moulded pieces, shapes, liquid or cream, containing soap or not; for retail, paper, wadding, felt and nonwovens, impregnated, coated or covered with soap or detergent","4","false","C00","TOTAL CPC","0 ","0","TOTAL MOT","8","kg","7908.54","false","8","kg","7908.54","false","7908.54","false",,"false",,"18954.15","18954.15","0","false","true",
"C","A","20180101","2018","52","2018","643","RUS","Russian Federation","X","Export","368","IRQ","Iraq","0","W00","World","H5","HS","true","3401","Soap; organic surface-active preparations used as soap, skin washing, in bars, cakes, moulded pieces, shapes, liquid or cream, containing soap or not; for retail, paper, wadding, felt and nonwovens, impregnated, coated or covered with soap or detergent","4","false","C00","TOTAL CPC","0 ","0","TOTAL MOT","8","kg","283","false","8","kg","283","false","283","false",,"false",,"705.6","705.6","0","false","true",
"C","A","20180101","2018","52","2018","643","RUS","Russian Federation","X","Export","376","ISR","Israel","0","W00","World","H5","HS","true","3401","Soap; organic surface-active preparations used as soap, skin washing, in bars, cakes, moulded pieces, shapes, liquid or cream, containing soap or not; for retail, paper, wadding, felt and nonwovens, impregnated, coated or covered with soap or detergent","4","false","C00","TOTAL CPC","0 ","0","TOTAL MOT","8","kg","6.69","false","8","kg","6.69","false","6.69","false",,"false",,"30.58","30.58","0","false","true",
"C","A","20180101","2018","52","2018","643","RUS","Russian Federation","X","Export","392","JPN","Japan","0","W00","World","H5","HS","true","3401","Soap; organic surface-active preparations used as soap, skin washing, in bars, cakes, moulded pieces, shapes, liquid or cream, containing soap or not; for retail, paper, wadding, felt and nonwovens, impregnated, coated or covered with soap or detergent","4","false","C00","TOTAL CPC","0 ","0","TOTAL MOT","8","kg","1123.09","false","8","kg","1123.09","false","1123.09","false",,"false",,"7983.76","7983.76","0","false","true",
"C","A","20180101","2018","52","2018","643","RUS","Russian Federation","X","Export","398","KAZ","Kazakhstan","0","W00","World","H5","HS","true","3401","Soap; organic surface-active preparations used as soap, skin washing, in bars, cakes, moulded pieces, shapes, liquid or cream, containing soap or not; for retail, paper, wadding, felt and nonwovens, impregnated, coated or covered with soap or detergent","4","false","C00","TOTAL CPC","0 ","0","TOTAL MOT","8","kg","30909192","false","8","kg","30909192","false","30909192","false",,"false",,"42282721","42282721","0","false","true",
"C","A","20180101","2018","52","2018","643","RUS","Russian Federation","X","Export","408","PRK","Dem. People's Rep. of Korea","0","W00","World","H5","HS","true","3401","Soap; organic surface-active preparations used as soap, skin washing, in bars, cakes, moulded pieces, shapes, liquid or cream, containing soap or not; for retail, paper, wadding, felt and nonwovens, impregnated, coated or covered with soap or detergent","4","false","C00","TOTAL CPC","0 ","0","TOTAL MOT","8","kg","37947.9","false","8","kg","37947.9","false","37947.9","false",,"false",,"19168.87","19168.87","0","false","true",
"C","A","20180101","2018","52","2018","643","RUS","Russian Federation","X","Export","410","KOR","Rep. of Korea","0","W00","World","H5","HS","true","3401","Soap; organic surface-active preparations used as soap, skin washing, in bars, cakes, moulded pieces, shapes, liquid or cream, containing soap or not; for retail, paper, wadding, felt and nonwovens, impregnated, coated or covered with soap or detergent","4","false","C00","TOTAL CPC","0 ","0","TOTAL MOT","8","kg","68.3","false","8","kg","68.3","false","68.3","false",,"false",,"804.89","804.89","0","false","true",
"C","A","20180101","2018","52","2018","643","RUS","Russian Federation","X","Export","414","KWT","Kuwait","0","W00","World","H5","HS","true","3401","Soap; organic surface-active preparations used as soap, skin washing, in bars, cakes, moulded pieces, shapes, liquid or cream, containing soap or not; for retail, paper, wadding, felt and nonwovens, impregnated, coated or covered with soap or detergent","4","false","C00","TOTAL CPC","0 ","0","TOTAL MOT","8","kg","8.25","false","8","kg","8.25","false","8.25","false",,"false",,"106.26","106.26","0","false","true",
"C","A","20180101","2018","52","2018","643","RUS","Russian Federation","X","Export","417","KGZ","Kyrgyzstan","0","W00","World","H5","HS","true","3401","Soap; organic surface-active preparations used as soap, skin washing, in bars, cakes, moulded pieces, shapes, liquid or cream, containing soap or not; for retail, paper, wadding, felt and nonwovens, impregnated, coated or covered with soap or detergent","4","false","C00","TOTAL CPC","0 ","0","TOTAL MOT","8","kg","5665432","false","8","kg","5665432","false","5665432","false",,"false",,"6262550","6262550","0","false","true",
"C","A","20180101","2018","52","2018","643","RUS","Russian Federation","X","Export","428","LVA","Latvia","0","W00","World","H5","HS","true","3401","Soap; organic surface-active preparations used as soap, skin washing, in bars, cakes, moulded pieces, shapes, liquid or cream, containing soap or not; for retail, paper, wadding, felt and nonwovens, impregnated, coated or covered with soap or detergent","4","false","C00","TOTAL CPC","0 ","0","TOTAL MOT","8","kg","640335.58","false","8","kg","640335.58","false","640335.58","false",,"false",,"1293980.76","1293980.76","0","false","true",
"C","A","20180101","2018","52","2018","643","RUS","Russian Federation","X","Export","440","LTU","Lithuania","0","W00","World","H5","HS","true","3401","Soap; organic surface-active preparations used as soap, skin washing, in bars, cakes, moulded pieces, shapes, liquid or cream, containing soap or not; for retail, paper, wadding, felt and nonwovens, impregnated, coated or covered with soap or detergent","4","false","C00","TOTAL CPC","0 ","0","TOTAL MOT","8","kg","532163.82","false","8","kg","532163.82","false","532163.82","false",,"false",,"1355555.94","1355555.94","0","false","true",
"C","A","20180101","2018","52","2018","643","RUS","Russian Federation","X","Export","450","MDG","Madagascar","0","W00","World","H5","HS","true","3401","Soap; organic surface-active preparations used as soap, skin washing, in bars, cakes, moulded pieces, shapes, liquid or cream, containing soap or not; for retail, paper, wadding, felt and nonwovens, impregnated, coated or covered with soap or detergent","4","false","C00","TOTAL CPC","0 ","0","TOTAL MOT","8","kg","20","false","8","kg","20","false","20","false",,"false",,"4.79","4.79","0","false","true",
"C","A","20180101","2018","52","2018","643","RUS","Russian Federation","X","Export","458","MYS","Malaysia","0","W00","World","H5","HS","true","3401","Soap; organic surface-active preparations used as soap, skin washing, in bars, cakes, moulded pieces, shapes, liquid or cream, containing soap or not; for retail, paper, wadding, felt and nonwovens, impregnated, coated or covered with soap or detergent","4","false","C00","TOTAL CPC","0 ","0","TOTAL MOT","8","kg","90905.8","false","8","kg","90905.8","false","90905.8","false",,"false",,"179035.4","179035.4","0","false","true",
"C","A","20180101","2018","52","2018","643","RUS","Russian Federation","X","Export","484","MEX","Mexico","0","W00","World","H5","HS","true","3401","Soap; organic surface-active preparations used as soap, skin washing, in bars, cakes, moulded pieces, shapes, liquid or cream, containing soap or not; for retail, paper, wadding, felt and nonwovens, impregnated, coated or covered with soap or detergent","4","false","C00","TOTAL CPC","0 ","0","TOTAL MOT","8","kg","4.54","false","8","kg","4.54","false","4.54","false",,"false",,"83.72","83.72","0","false","true",
"C","A","20180101","2018","52","2018","643","RUS","Russian Federation","X","Export","490","S19","Other Asia, nes","0","W00","World","H5","HS","true","3401","Soap; organic surface-active preparations used as soap, skin washing, in bars, cakes, moulded pieces, shapes, liquid or cream, containing soap or not; for retail, paper, wadding, felt and nonwovens, impregnated, coated or covered with soap or detergent","4","false","C00","TOTAL CPC","0 ","0","TOTAL MOT","8","kg","24.3","false","8","kg","24.3","false","24.3","false",,"false",,"1732","1732","0","false","true",
"C","A","20180101","2018","52","2018","643","RUS","Russian Federation","X","Export","496","MNG","Mongolia","0","W00","World","H5","HS","true","3401","Soap; organic surface-active preparations used as soap, skin washing, in bars, cakes, moulded pieces, shapes, liquid or cream, containing soap or not; for retail, paper, wadding, felt and nonwovens, impregnated, coated or covered with soap or detergent","4","false","C00","TOTAL CPC","0 ","0","TOTAL MOT","8","kg","1246353.29","false","8","kg","1246353.29","false","1246353.29","false",,"false",,"2153864.73","2153864.73","0","false","true",
"C","A","20180101","2018","52","2018","643","RUS","Russian Federation","X","Export","498","MDA","Rep. of Moldova","0","W00","World","H5","HS","true","3401","Soap; organic surface-active preparations used as soap, skin washing, in bars, cakes, moulded pieces, shapes, liquid or cream, containing soap or not; for retail, paper, wadding, felt and nonwovens, impregnated, coated or covered with soap or detergent","4","false","C00","TOTAL CPC","0 ","0","TOTAL MOT","8","kg","598855.96","false","8","kg","598855.96","false","598855.96","false",,"false",,"1038520.88","1038520.88","0","false","true",
"C","A","20180101","2018","52","2018","643","RUS","Russian Federation","X","Export","504","MAR","Morocco","0","W00","World","H5","HS","true","3401","Soap; organic surface-active preparations used as soap, skin washing, in bars, cakes, moulded pieces, shapes, liquid or cream, containing soap or not; for retail, paper, wadding, felt and nonwovens, impregnated, coated or covered with soap or detergent","4","false","C00","TOTAL CPC","0 ","0","TOTAL MOT","8","kg","955.89","false","8","kg","955.89","false","955.89","false",,"false",,"3617.36","3617.36","0","false","true",
"C","A","20180101","2018","52","2018","643","RUS","Russian Federation","X","Export","528","NLD","Netherlands","0","W00","World","H5","HS","true","3401","Soap; organic surface-active preparations used as soap, skin washing, in bars, cakes, moulded pieces, shapes, liquid or cream, containing soap or not; for retail, paper, wadding, felt and nonwovens, impregnated, coated or covered with soap or detergent","4","false","C00","TOTAL CPC","0 ","0","TOTAL MOT","8","kg","143203.57","false","8","kg","143203.57","false","143203.57","false",,"false",,"200200.74","200200.74","0","false","true",
"C","A","20180101","2018","52","2018","643","RUS","Russian Federation","X","Export","554","NZL","New Zealand","0","W00","World","H5","HS","true","3401","Soap; organic surface-active preparations used as soap, skin washing, in bars, cakes, moulded pieces, shapes, liquid or cream, containing soap or not; for retail, paper, wadding, felt and nonwovens, impregnated, coated or covered with soap or detergent","4","false","C00","TOTAL CPC","0 ","0","TOTAL MOT","8","kg","74","false","8","kg","74","false","74","false",,"false",,"260.24","260.24","0","false","true",
"C","A","20180101","2018","52","2018","643","RUS","Russian Federation","X","Export","566","NGA","Nigeria","0","W00","World","H5","HS","true","3401","Soap; organic surface-active preparations used as soap, skin washing, in bars, cakes, moulded pieces, shapes, liquid or cream, containing soap or not; for retail, paper, wadding, felt and nonwovens, impregnated, coated or covered with soap or detergent","4","false","C00","TOTAL CPC","0 ","0","TOTAL MOT","8","kg","1.12","false","8","kg","1.12","false","1.12","false",,"false",,"44.03","44.03","0","false","true",
"C","A","20180101","2018","52","2018","643","RUS","Russian Federation","X","Export","586","PAK","Pakistan","0","W00","World","H5","HS","true","3401","Soap; organic surface-active preparations used as soap, skin washing, in bars, cakes, moulded pieces, shapes, liquid or cream, containing soap or not; for retail, paper, wadding, felt and nonwovens, impregnated, coated or covered with soap or detergent","4","false","C00","TOTAL CPC","0 ","0","TOTAL MOT","8","kg","19160.4","false","8","kg","19160.4","false","19160.4","false",,"false",,"16930.3","16930.3","0","false","true",
"C","A","20180101","2018","52","2018","643","RUS","Russian Federation","X","Export","616","POL","Poland","0","W00","World","H5","HS","true","3401","Soap; organic surface-active preparations used as soap, skin washing, in bars, cakes, moulded pieces, shapes, liquid or cream, containing soap or not; for retail, paper, wadding, felt and nonwovens, impregnated, coated or covered with soap or detergent","4","false","C00","TOTAL CPC","0 ","0","TOTAL MOT","8","kg","68347.69","false","8","kg","68347.69","false","68347.69","false",,"false",,"170984.58","170984.58","0","false","true",
"C","A","20180101","2018","52","2018","643","RUS","Russian Federation","X","Export","620","PRT","Portugal","0","W00","World","H5","HS","true","3401","Soap; organic surface-active preparations used as soap, skin washing, in bars, cakes, moulded pieces, shapes, liquid or cream, containing soap or not; for retail, paper, wadding, felt and nonwovens, impregnated, coated or covered with soap or detergent","4","false","C00","TOTAL CPC","0 ","0","TOTAL MOT","8","kg","12","false","8","kg","12","false","12","false",,"false",,"238.58","238.58","0","false","true",
"C","A","20180101","2018","52","2018","643","RUS","Russian Federation","X","Export","642","ROU","Romania","0","W00","World","H5","HS","true","3401","Soap; organic surface-active preparations used as soap, skin washing, in bars, cakes, moulded pieces, shapes, liquid or cream, containing soap or not; for retail, paper, wadding, felt and nonwovens, impregnated, coated or covered with soap or detergent","4","false","C00","TOTAL CPC","0 ","0","TOTAL MOT","8","kg","6075.7","false","8","kg","6075.7","false","6075.7","false",,"false",,"6626.53","6626.53","0","false","true",
"C","A","20180101","2018","52","2018","643","RUS","Russian Federation","X","Export","686","SEN","Senegal","0","W00","World","H5","HS","true","3401","Soap; organic surface-active preparations used as soap, skin washing, in bars, cakes, moulded pieces, shapes, liquid or cream, containing soap or not; for retail, paper, wadding, felt and nonwovens, impregnated, coated or covered with soap or detergent","4","false","C00","TOTAL CPC","0 ","0","TOTAL MOT","8","kg","3757.2","false","8","kg","3757.2","false","3757.2","false",,"false",,"2775.05","2775.05","0","false","true",
"C","A","20180101","2018","52","2018","643","RUS","Russian Federation","X","Export","688","SRB","Serbia","0","W00","World","H5","HS","true","3401","Soap; organic surface-active preparations used as soap, skin washing, in bars, cakes, moulded pieces, shapes, liquid or cream, containing soap or not; for retail, paper, wadding, felt and nonwovens, impregnated, coated or covered with soap or detergent","4","false","C00","TOTAL CPC","0 ","0","TOTAL MOT","8","kg","5703.66","false","8","kg","5703.66","false","5703.66","false",,"false",,"23588.47","23588.47","0","false","true",
"C","A","20180101","2018","52","2018","643","RUS","Russian Federation","X","Export","699","IND","India","0","W00","World","H5","HS","true","3401","Soap; organic surface-active preparations used as soap, skin washing, in bars, cakes, moulded pieces, shapes, liquid or cream, containing soap or not; for retail, paper, wadding, felt and nonwovens, impregnated, coated or covered with soap or detergent","4","false","C00","TOTAL CPC","0 ","0","TOTAL MOT","8","kg","154.63","false","8","kg","154.63","false","154.63","false",,"false",,"1196.68","1196.68","0","false","true",
"C","A","20180101","2018","52","2018","643","RUS","Russian Federation","X","Export","702","SGP","Singapore","0","W00","World","H5","HS","true","3401","Soap; organic surface-active preparations used as soap, skin washing, in bars, cakes, moulded pieces, shapes, liquid or cream, containing soap or not; for retail, paper, wadding, felt and nonwovens, impregnated, coated or covered with soap or detergent","4","false","C00","TOTAL CPC","0 ","0","TOTAL MOT","8","kg","4507.14","false","8","kg","4507.14","false","4507.14","false",,"false",,"9332.79","9332.79","0","false","true",
"C","A","20180101","2018","52","2018","643","RUS","Russian Federation","X","Export","704","VNM","Viet Nam","0","W00","World","H5","HS","true","3401","Soap; organic surface-active preparations used as soap, skin washing, in bars, cakes, moulded pieces, shapes, liquid or cream, containing soap or not; for retail, paper, wadding, felt and nonwovens, impregnated, coated or covered with soap or detergent","4","false","C00","TOTAL CPC","0 ","0","TOTAL MOT","8","kg","144837.49","false","8","kg","144837.49","false","144837.49","false",,"false",,"267728.73","267728.73","0","false","true",
"C","A","20180101","2018","52","2018","643","RUS","Russian Federation","X","Export","705","SVN","Slovenia","0","W00","World","H5","HS","true","3401","Soap; organic surface-active preparations used as soap, skin washing, in bars, cakes, moulded pieces, shapes, liquid or cream, containing soap or not; for retail, paper, wadding, felt and nonwovens, impregnated, coated or covered with soap or detergent","4","false","C00","TOTAL CPC","0 ","0","TOTAL MOT","8","kg","66.68","false","8","kg","66.68","false","66.68","false",,"false",,"772.59","772.59","0","false","true",
"C","A","20180101","2018","52","2018","643","RUS","Russian Federation","X","Export","710","ZAF","South Africa","0","W00","World","H5","HS","true","3401","Soap; organic surface-active preparations used as soap, skin washing, in bars, cakes, moulded pieces, shapes, liquid or cream, containing soap or not; for retail, paper, wadding, felt and nonwovens, impregnated, coated or covered with soap or detergent","4","false","C00","TOTAL CPC","0 ","0","TOTAL MOT","8","kg","79.46","false","8","kg","79.46","false","79.46","false",,"false",,"681.78","681.78","0","false","true",
"C","A","20180101","2018","52","2018","643","RUS","Russian Federation","X","Export","724","ESP","Spain","0","W00","World","H5","HS","true","3401","Soap; organic surface-active preparations used as soap, skin washing, in bars, cakes, moulded pieces, shapes, liquid or cream, containing soap or not; for retail, paper, wadding, felt and nonwovens, impregnated, coated or covered with soap or detergent","4","false","C00","TOTAL CPC","0 ","0","TOTAL MOT","8","kg","402.3","false","8","kg","402.3","false","402.3","false",,"false",,"3260.24","3260.24","0","false","true",
"C","A","20180101","2018","52","2018","643","RUS","Russian Federation","X","Export","760","SYR","Syria","0","W00","World","H5","HS","true","3401","Soap; organic surface-active preparations used as soap, skin washing, in bars, cakes, moulded pieces, shapes, liquid or cream, containing soap or not; for retail, paper, wadding, felt and nonwovens, impregnated, coated or covered with soap or detergent","4","false","C00","TOTAL CPC","0 ","0","TOTAL MOT","8","kg","35.2","false","8","kg","35.2","false","35.2","false",,"false",,"368.08","368.08","0","false","true",
"C","A","20180101","2018","52","2018","643","RUS","Russian Federation","X","Export","762","TJK","Tajikistan","0","W00","World","H5","HS","true","3401","Soap; organic surface-active preparations used as soap, skin washing, in bars, cakes, moulded pieces, shapes, liquid or cream, containing soap or not; for retail, paper, wadding, felt and nonwovens, impregnated, coated or covered with soap or detergent","4","false","C00","TOTAL CPC","0 ","0","TOTAL MOT","8","kg","9274698.12","false","8","kg","9274698.12","false","9274698.12","false",,"false",,"8438963.65","8438963.65","0","false","true",
"C","A","20180101","2018","52","2018","643","RUS","Russian Federation","X","Export","764","THA","Thailand","0","W00","World","H5","HS","true","3401","Soap; organic surface-active preparations used as soap, skin washing, in bars, cakes, moulded pieces, shapes, liquid or cream, containing soap or not; for retail, paper, wadding, felt and nonwovens, impregnated, coated or covered with soap or detergent","4","false","C00","TOTAL CPC","0 ","0","TOTAL MOT","8","kg","1.48","false","8","kg","1.48","false","1.48","false",,"false",,"14.21","14.21","0","false","true",
"C","A","20180101","2018","52","2018","643","RUS","Russian Federation","X","Export","784","ARE","United Arab Emirates","0","W00","World","H5","HS","true","3401","Soap; organic surface-active preparations used as soap, skin washing, in bars, cakes, moulded pieces, shapes, liquid or cream, containing soap or not; for retail, paper, wadding, felt and nonwovens, impregnated, coated or covered with soap or detergent","4","false","C00","TOTAL CPC","0 ","0","TOTAL MOT","8","kg","27978.4","false","8","kg","27978.4","false","27978.4","false",,"false",,"51048.88","51048.88","0","false","true",
"C","A","20180101","2018","52","2018","643","RUS","Russian Federation","X","Export","792","TUR","Türkiye","0","W00","World","H5","HS","true","3401","Soap; organic surface-active preparations used as soap, skin washing, in bars, cakes, moulded pieces, shapes, liquid or cream, containing soap or not; for retail, paper, wadding, felt and nonwovens, impregnated, coated or covered with soap or detergent","4","false","C00","TOTAL CPC","0 ","0","TOTAL MOT","8","kg","87301.84","false","8","kg","87301.84","false","87301.84","false",,"false",,"151802.71","151802.71","0","false","true",
"C","A","20180101","2018","52","2018","643","RUS","Russian Federation","X","Export","795","TKM","Turkmenistan","0","W00","World","H5","HS","true","3401","Soap; organic surface-active preparations used as soap, skin washing, in bars, cakes, moulded pieces, shapes, liquid or cream, containing soap or not; for retail, paper, wadding, felt and nonwovens, impregnated, coated or covered with soap or detergent","4","false","C00","TOTAL CPC","0 ","0","TOTAL MOT","8","kg","397228.1","false","8","kg","397228.1","false","397228.1","false",,"false",,"576367.35","576367.35","0","false","true",
"C","A","20180101","2018","52","2018","643","RUS","Russian Federation","X","Export","804","UKR","Ukraine","0","W00","World","H5","HS","true","3401","Soap; organic surface-active preparations used as soap, skin washing, in bars, cakes, moulded pieces, shapes, liquid or cream, containing soap or not; for retail, paper, wadding, felt and nonwovens, impregnated, coated or covered with soap or detergent","4","false","C00","TOTAL CPC","0 ","0","TOTAL MOT","8","kg","5574397.9","false","8","kg","5574397.9","false","5574397.9","false",,"false",,"7559710.12","7559710.12","0","false","true",
"C","A","20180101","2018","52","2018","643","RUS","Russian Federation","X","Export","818","EGY","Egypt","0","W00","World","H5","HS","true","3401","Soap; organic surface-active preparations used as soap, skin washing, in bars, cakes, moulded pieces, shapes, liquid or cream, containing soap or not; for retail, paper, wadding, felt and nonwovens, impregnated, coated or covered with soap or detergent","4","false","C00","TOTAL CPC","0 ","0","TOTAL MOT","8","kg","2.38","false","8","kg","2.38","false","2.38","false",,"false",,"8","8","0","false","true",
"C","A","20180101","2018","52","2018","643","RUS","Russian Federation","X","Export","826","GBR","United Kingdom","0","W00","World","H5","HS","true","3401","Soap; organic surface-active preparations used as soap, skin washing, in bars, cakes, moulded pieces, shapes, liquid or cream, containing soap or not; for retail, paper, wadding, felt and nonwovens, impregnated, coated or covered with soap or detergent","4","false","C00","TOTAL CPC","0 ","0","TOTAL MOT","8","kg","478.4","false","8","kg","478.4","false","478.4","false",,"false",,"1546.2","1546.2","0","false","true",
"C","A","20180101","2018","52","2018","643","RUS","Russian Federation","X","Export","834","TZA","United Rep. of Tanzania","0","W00","World","H5","HS","true","3401","Soap; organic surface-active preparations used as soap, skin washing, in bars, cakes, moulded pieces, shapes, liquid or cream, containing soap or not; for retail, paper, wadding, felt and nonwovens, impregnated, coated or covered with soap or detergent","4","false","C00","TOTAL CPC","0 ","0","TOTAL MOT","8","kg","1702.67","false","8","kg","1702.67","false","1702.67","false",,"false",,"709.12","709.12","0","false","true",
"C","A","20180101","2018","52","2018","643","RUS","Russian Federation","X","Export","842","USA","USA","0","W00","World","H5","HS","true","3401","Soap; organic surface-active preparations used as soap, skin washing, in bars, cakes, moulded pieces, shapes, liquid or cream, containing soap or not; for retail, paper, wadding, felt and nonwovens, impregnated, coated or covered with soap or detergent","4","false","C00","TOTAL CPC","0 ","0","TOTAL MOT","8","kg","27972.21","false","8","kg","27972.21","false","27972.21","false",,"false",,"72561.68","72561.68","0","false","true",
"C","A","20180101","2018","52","2018","643","RUS","Russian Federation","X","Export","860","UZB","Uzbekistan","0","W00","World","H5","HS","true","3401","Soap; organic surface-active preparations used as soap, skin washing, in bars, cakes, moulded pieces, shapes, liquid or cream, containing soap or not; for retail, paper, wadding, felt and nonwovens, impregnated, coated or covered with soap or detergent","4","false","C00","TOTAL CPC","0 ","0","TOTAL MOT","8","kg","2884024.15","false","8","kg","2884024.15","false","2884024.15","false",,"false",,"4226920.54","4226920.54","0","false","true",
"C","A","20180101","2018","52","2018","643","RUS","Russian Federation","X","Export","862","VEN","Venezuela","0","W00","World","H5","HS","true","3401","Soap; organic surface-active preparations used as soap, skin washing, in bars, cakes, moulded pieces, shapes, liquid or cream, containing soap or not; for retail, paper, wadding, felt and nonwovens, impregnated, coated or covered with soap or detergent","4","false","C00","TOTAL CPC","0 ","0","TOTAL MOT","8","kg","4.7","false","8","kg","4.7","false","4.7","false",,"false",,"26.44","26.44","0","false","true",
"C","A","20180101","2018","52","2018","643","RUS","Russian Federation","X","Export","899","_X ","Areas, nes","0","W00","World","H5","HS","true","3401","Soap; organic surface-active preparations used as soap, skin washing, in bars, cakes, moulded pieces, shapes, liquid or cream, containing soap or not; for retail, paper, wadding, felt and nonwovens, impregnated, coated or covered with soap or detergent","4","false","C00","TOTAL CPC","0 ","0","TOTAL MOT","8","kg","244434.48","false","8","kg","244434.48","false","244434.48","false",,"false",,"422674.5","422674.5","0","false","true",
"C","A","20190101","2019","52","2019","643","RUS","Russian Federation","X","Export","0","W00","World","0","W00","World","H5","HS","true","3401","Soap; organic surface-active preparations used as soap, skin washing, in bars, cakes, moulded pieces, shapes, liquid or cream, containing soap or not; for retail, paper, wadding, felt and nonwovens, impregnated, coated or covered with soap or detergent","4","false","C00","TOTAL CPC","0","0","TOTAL MOT","8","kg","81020672.48","false","8","kg","81020672.48","false","81020672.48","false","0","false",,"113485173.4","113485173.4","0","false","true",
"C","A","20190101","2019","52","2019","643","RUS","Russian Federation","X","Export","4","AFG","Afghanistan","0","W00","World","H5","HS","true","3401","Soap; organic surface-active preparations used as soap, skin washing, in bars, cakes, moulded pieces, shapes, liquid or cream, containing soap or not; for retail, paper, wadding, felt and nonwovens, impregnated, coated or covered with soap or detergent","4","false","C00","TOTAL CPC","0","0","TOTAL MOT","8","kg","133861.1","false","8","kg","133861.1","false","133861.1","false","0","false",,"99475.78","99475.78","0","false","true",
"C","A","20190101","2019","52","2019","643","RUS","Russian Federation","X","Export","8","ALB","Albania","0","W00","World","H5","HS","true","3401","Soap; organic surface-active preparations used as soap, skin washing, in bars, cakes, moulded pieces, shapes, liquid or cream, containing soap or not; for retail, paper, wadding, felt and nonwovens, impregnated, coated or covered with soap or detergent","4","false","C00","TOTAL CPC","0","0","TOTAL MOT","8","kg","5406.06","false","8","kg","5406.06","false","5406.06","false","0","false",,"3904.69","3904.69","0","false","true",
"C","A","20190101","2019","52","2019","643","RUS","Russian Federation","X","Export","31","AZE","Azerbaijan","0","W00","World","H5","HS","true","3401","Soap; organic surface-active preparations used as soap, skin washing, in bars, cakes, moulded pieces, shapes, liquid or cream, containing soap or not; for retail, paper, wadding, felt and nonwovens, impregnated, coated or covered with soap or detergent","4","false","C00","TOTAL CPC","0","0","TOTAL MOT","8","kg","2823014.3","false","8","kg","2823014.3","false","2823014.3","false","0","false",,"4404086.89","4404086.89","0","false","true",
"C","A","20190101","2019","52","2019","643","RUS","Russian Federation","X","Export","36","AUS","Australia","0","W00","World","H5","HS","true","3401","Soap; organic surface-active preparations used as soap, skin washing, in bars, cakes, moulded pieces, shapes, liquid or cream, containing soap or not; for retail, paper, wadding, felt and nonwovens, impregnated, coated or covered with soap or detergent","4","false","C00","TOTAL CPC","0","0","TOTAL MOT","8","kg","349.39","false","8","kg","349.39","false","349.39","false","0","false",,"1313.66","1313.66","0","false","true",
"C","A","20190101","2019","52","2019","643","RUS","Russian Federation","X","Export","48","BHR","Bahrain","0","W00","World","H5","HS","true","3401","Soap; organic surface-active preparations used as soap, skin washing, in bars, cakes, moulded pieces, shapes, liquid or cream, containing soap or not; for retail, paper, wadding, felt and nonwovens, impregnated, coated or covered with soap or detergent","4","false","C00","TOTAL CPC","0","0","TOTAL MOT","8","kg","1543.26","false","8","kg","1543.26","false","1543.26","false","0","false",,"3298.71","3298.71","0","false","true",
"C","A","20190101","2019","52","2019","643","RUS","Russian Federation","X","Export","51","ARM","Armenia","0","W00","World","H5","HS","true","3401","Soap; organic surface-active preparations used as soap, skin washing, in bars, cakes, moulded pieces, shapes, liquid or cream, containing soap or not; for retail, paper, wadding, felt and nonwovens, impregnated, coated or covered with soap or detergent","4","false","C00","TOTAL CPC","0","0","TOTAL MOT","8","kg","1517271","false","8","kg","1517271","false","1517271","false","0","false",,"2736539","2736539","0","false","true",
"C","A","20190101","2019","52","2019","643","RUS","Russian Federation","X","Export","56","BEL","Belgium","0","W00","World","H5","HS","true","3401","Soap; organic surface-active preparations used as soap, skin washing, in bars, cakes, moulded pieces, shapes, liquid or cream, containing soap or not; for retail, paper, wadding, felt and nonwovens, impregnated, coated or covered with soap or detergent","4","false","C00","TOTAL CPC","0","0","TOTAL MOT","8","kg","724.7","false","8","kg","724.7","false","724.7","false","0","false",,"13011.92","13011.92","0","false","true",
"C","A","20190101","2019","52","2019","643","RUS","Russian Federation","X","Export","70","BIH","Bosnia Herzegovina","0","W00","World","H5","HS","true","3401","Soap; organic surface-active preparations used as soap, skin washing, in bars, cakes, moulded pieces, shapes, liquid or cream, containing soap or not; for retail, paper, wadding, felt and nonwovens, impregnated, coated or covered with soap or detergent","4","false","C00","TOTAL CPC","0","0","TOTAL MOT","8","kg","78.96","false","8","kg","78.96","false","78.96","false","0","false",,"288.21","288.21","0","false","true",
"C","A","20190101","2019","52","2019","643","RUS","Russian Federation","X","Export","76","BRA","Brazil","0","W00","World","H5","HS","true","3401","Soap; organic surface-active preparations used as soap, skin washing, in bars, cakes, moulded pieces, shapes, liquid or cream, containing soap or not; for retail, paper, wadding, felt and nonwovens, impregnated, coated or covered with soap or detergent","4","false","C00","TOTAL CPC","0","0","TOTAL MOT","8","kg","8789.72","false","8","kg","8789.72","false","8789.72","false","0","false",,"21357.24","21357.24","0","false","true",
"C","A","20190101","2019","52","2019","643","RUS","Russian Federation","X","Export","100","BGR","Bulgaria","0","W00","World","H5","HS","true","3401","Soap; organic surface-active preparations used as soap, skin washing, in bars, cakes, moulded pieces, shapes, liquid or cream, containing soap or not; for retail, paper, wadding, felt and nonwovens, impregnated, coated or covered with soap or detergent","4","false","C00","TOTAL CPC","0","0","TOTAL MOT","8","kg","1042.42","false","8","kg","1042.42","false","1042.42","false","0","false",,"5685.29","5685.29","0","false","true",
"C","A","20190101","2019","52","2019","643","RUS","Russian Federation","X","Export","112","BLR","Belarus","0","W00","World","H5","HS","true","3401","Soap; organic surface-active preparations used as soap, skin washing, in bars, cakes, moulded pieces, shapes, liquid or cream, containing soap or not; for retail, paper, wadding, felt and nonwovens, impregnated, coated or covered with soap or detergent","4","false","C00","TOTAL CPC","0","0","TOTAL MOT","8","kg","13152308","false","8","kg","13152308","false","13152308","false","0","false",,"24273921","24273921","0","false","true",
"C","A","20190101","2019","52","2019","643","RUS","Russian Federation","X","Export","124","CAN","Canada","0","W00","World","H5","HS","true","3401","Soap; organic surface-active preparations used as soap, skin washing, in bars, cakes, moulded pieces, shapes, liquid or cream, containing soap or not; for retail, paper, wadding, felt and nonwovens, impregnated, coated or covered with soap or detergent","4","false","C00","TOTAL CPC","0","0","TOTAL MOT","8","kg","278.6","false","8","kg","278.6","false","278.6","false","0","false",,"945.43","945.43","0","false","true",
"C","A","20190101","2019","52","2019","643","RUS","Russian Federation","X","Export","140","CAF","Central African Rep.","0","W00","World","H5","HS","true","3401","Soap; organic surface-active preparations used as soap, skin washing, in bars, cakes, moulded pieces, shapes, liquid or cream, containing soap or not; for retail, paper, wadding, felt and nonwovens, impregnated, coated or covered with soap or detergent","4","false","C00","TOTAL CPC","0","0","TOTAL MOT","8","kg","33.6","false","8","kg","33.6","false","33.6","false","0","false",,"68.43","68.43","0","false","true",
"C","A","20190101","2019","52","2019","643","RUS","Russian Federation","X","Export","144","LKA","Sri Lanka","0","W00","World","H5","HS","true","3401","Soap; organic surface-active preparations used as soap, skin washing, in bars, cakes, moulded pieces, shapes, liquid or cream, containing soap or not; for retail, paper, wadding, felt and nonwovens, impregnated, coated or covered with soap or detergent","4","false","C00","TOTAL CPC","0","0","TOTAL MOT","8","kg","18","false","8","kg","18","false","18","false","0","false",,"126.65","126.65","0","false","true",
"C","A","20190101","2019","52","2019","643","RUS","Russian Federation","X","Export","156","CHN","China","0","W00","World","H5","HS","true","3401","Soap; organic surface-active preparations used as soap, skin washing, in bars, cakes, moulded pieces, shapes, liquid or cream, containing soap or not; for retail, paper, wadding, felt and nonwovens, impregnated, coated or covered with soap or detergent","4","false","C00","TOTAL CPC","0","0","TOTAL MOT","8","kg","1041488.28","false","8","kg","1041488.28","false","1041488.28","false","0","false",,"2481796","2481796","0","false","true",
"C","A","20190101","2019","52","2019","643","RUS","Russian Federation","X","Export","170","COL","Colombia","0","W00","World","H5","HS","true","3401","Soap; organic surface-active preparations used as soap, skin washing, in bars, cakes, moulded pieces, shapes, liquid or cream, containing soap or not; for retail, paper, wadding, felt and nonwovens, impregnated, coated or covered with soap or detergent","4","false","C00","TOTAL CPC","0","0","TOTAL MOT","8","kg","19.2","false","8","kg","19.2","false","19.2","false","0","false",,"299.69","299.69","0","false","true",
"C","A","20190101","2019","52","2019","643","RUS","Russian Federation","X","Export","188","CRI","Costa Rica","0","W00","World","H5","HS","true","3401","Soap; organic surface-active preparations used as soap, skin washing, in bars, cakes, moulded pieces, shapes, liquid or cream, containing soap or not; for retail, paper, wadding, felt and nonwovens, impregnated, coated or covered with soap or detergent","4","false","C00","TOTAL CPC","0","0","TOTAL MOT","8","kg","46.6","false","8","kg","46.6","false","46.6","false","0","false",,"283.87","283.87","0","false","true",
"C","A","20190101","2019","52","2019","643","RUS","Russian Federation","X","Export","192","CUB","Cuba","0","W00","World","H5","HS","true","3401","Soap; organic surface-active preparations used as soap, skin washing, in bars, cakes, moulded pieces, shapes, liquid or cream, containing soap or not; for retail, paper, wadding, felt and nonwovens, impregnated, coated or covered with soap or detergent","4","false","C00","TOTAL CPC","0","0","TOTAL MOT","8","kg","9.72","false","8","kg","9.72","false","9.72","false","0","false",,"57.59","57.59","0","false","true",
"C","A","20190101","2019","52","2019","643","RUS","Russian Federation","X","Export","196","CYP","Cyprus","0","W00","World","H5","HS","true","3401","Soap; organic surface-active preparations used as soap, skin washing, in bars, cakes, moulded pieces, shapes, liquid or cream, containing soap or not; for retail, paper, wadding, felt and nonwovens, impregnated, coated or covered with soap or detergent","4","false","C00","TOTAL CPC","0","0","TOTAL MOT","8","kg","1264.48","false","8","kg","1264.48","false","1264.48","false","0","false",,"979.26","979.26","0","false","true",
"C","A","20190101","2019","52","2019","643","RUS","Russian Federation","X","Export","203","CZE","Czechia","0","W00","World","H5","HS","true","3401","Soap; organic surface-active preparations used as soap, skin washing, in bars, cakes, moulded pieces, shapes, liquid or cream, containing soap or not; for retail, paper, wadding, felt and nonwovens, impregnated, coated or covered with soap or detergent","4","false","C00","TOTAL CPC","0","0","TOTAL MOT","8","kg","10518.47","false","8","kg","10518.47","false","10518.47","false","0","false",,"33770.3","33770.3","0","false","true",
"C","A","20190101","2019","52","2019","643","RUS","Russian Federation","X","Export","233","EST","Estonia","0","W00","World","H5","HS","true","3401","Soap; organic surface-active preparations used as soap, skin washing, in bars, cakes, moulded pieces, shapes, liquid or cream, containing soap or not; for retail, paper, wadding, felt and nonwovens, impregnated, coated or covered with soap or detergent","4","false","C00","TOTAL CPC","0","0","TOTAL MOT","8","kg","133426.57","false","8","kg","133426.57","false","133426.57","false","0","false",,"261674.17","261674.17","0","false","true",
"C","A","20190101","2019","52","2019","643","RUS","Russian Federation","X","Export","246","FIN","Finland","0","W00","World","H5","HS","true","3401","Soap; organic surface-active preparations used as soap, skin washing, in bars, cakes, moulded pieces, shapes, liquid or cream, containing soap or not; for retail, paper, wadding, felt and nonwovens, impregnated, coated or covered with soap or detergent","4","false","C00","TOTAL CPC","0","0","TOTAL MOT","8","kg","79.78","false","8","kg","79.78","false","79.78","false","0","false",,"1058.35","1058.35","0","false","true",
"C","A","20190101","2019","52","2019","643","RUS","Russian Federation","X","Export","251","FRA","France","0","W00","World","H5","HS","true","3401","Soap; organic surface-active preparations used as soap, skin washing, in bars, cakes, moulded pieces, shapes, liquid or cream, containing soap or not; for retail, paper, wadding, felt and nonwovens, impregnated, coated or covered with soap or detergent","4","false","C00","TOTAL CPC","0","0","TOTAL MOT","8","kg","97.95","false","8","kg","97.95","false","97.95","false","0","false",,"12111.09","12111.09","0","false","true",
"C","A","20190101","2019","52","2019","643","RUS","Russian Federation","X","Export","268","GEO","Georgia","0","W00","World","H5","HS","true","3401","Soap; organic surface-active preparations used as soap, skin washing, in bars, cakes, moulded pieces, shapes, liquid or cream, containing soap or not; for retail, paper, wadding, felt and nonwovens, impregnated, coated or covered with soap or detergent","4","false","C00","TOTAL CPC","0","0","TOTAL MOT","8","kg","1605836.76","false","8","kg","1605836.76","false","1605836.76","false","0","false",,"2857043.93","2857043.93","0","false","true",
"C","A","20190101","2019","52","2019","643","RUS","Russian Federation","X","Export","276","DEU","Germany","0","W00","World","H5","HS","true","3401","Soap; organic surface-active preparations used as soap, skin washing, in bars, cakes, moulded pieces, shapes, liquid or cream, containing soap or not; for retail, paper, wadding, felt and nonwovens, impregnated, coated or covered with soap or detergent","4","false","C00","TOTAL CPC","0","0","TOTAL MOT","8","kg","362204.12","false","8","kg","362204.12","false","362204.12","false","0","false",,"1055588.39","1055588.39","0","false","true",
"C","A","20190101","2019","52","2019","643","RUS","Russian Federation","X","Export","300","GRC","Greece","0","W00","World","H5","HS","true","3401","Soap; organic surface-active preparations used as soap, skin washing, in bars, cakes, moulded pieces, shapes, liquid or cream, containing soap or not; for retail, paper, wadding, felt and nonwovens, impregnated, coated or covered with soap or detergent","4","false","C00","TOTAL CPC","0","0","TOTAL MOT","8","kg","192.1","false","8","kg","192.1","false","192.1","false","0","false",,"374.38","374.38","0","false","true",
"C","A","20190101","2019","52","2019","643","RUS","Russian Federation","X","Export","324","GIN","Guinea","0","W00","World","H5","HS","true","3401","Soap; organic surface-active preparations used as soap, skin washing, in bars, cakes, moulded pieces, shapes, liquid or cream, containing soap or not; for retail, paper, wadding, felt and nonwovens, impregnated, coated or covered with soap or detergent","4","false","C00","TOTAL CPC","0","0","TOTAL MOT","8","kg","700","false","8","kg","700","false","700","false","0","false",,"3015.35","3015.35","0","false","true",
"C","A","20190101","2019","52","2019","643","RUS","Russian Federation","X","Export","344","HKG","China, Hong Kong SAR","0","W00","World","H5","HS","true","3401","Soap; organic surface-active preparations used as soap, skin washing, in bars, cakes, moulded pieces, shapes, liquid or cream, containing soap or not; for retail, paper, wadding, felt and nonwovens, impregnated, coated or covered with soap or detergent","4","false","C00","TOTAL CPC","0","0","TOTAL MOT","8","kg","2936.29","false","8","kg","2936.29","false","2936.29","false","0","false",,"12332.33","12332.33","0","false","true",
"C","A","20190101","2019","52","2019","643","RUS","Russian Federation","X","Export","348","HUN","Hungary","0","W00","World","H5","HS","true","3401","Soap; organic surface-active preparations used as soap, skin washing, in bars, cakes, moulded pieces, shapes, liquid or cream, containing soap or not; for retail, paper, wadding, felt and nonwovens, impregnated, coated or covered with soap or detergent","4","false","C00","TOTAL CPC","0","0","TOTAL MOT","8","kg","163.36","false","8","kg","163.36","false","163.36","false","0","false",,"1380.22","1380.22","0","false","true",
"C","A","20190101","2019","52","2019","643","RUS","Russian Federation","X","Export","360","IDN","Indonesia","0","W00","World","H5","HS","true","3401","Soap; organic surface-active preparations used as soap, skin washing, in bars, cakes, moulded pieces, shapes, liquid or cream, containing soap or not; for retail, paper, wadding, felt and nonwovens, impregnated, coated or covered with soap or detergent","4","false","C00","TOTAL CPC","0","0","TOTAL MOT","8","kg","10.31","false","8","kg","10.31","false","10.31","false","0","false",,"61.67","61.67","0","false","true",
"C","A","20190101","2019","52","2019","643","RUS","Russian Federation","X","Export","364","IRN","Iran","0","W00","World","H5","HS","true","3401","Soap; organic surface-active preparations used as soap, skin washing, in bars, cakes, moulded pieces, shapes, liquid or cream, containing soap or not; for retail, paper, wadding, felt and nonwovens, impregnated, coated or covered with soap or detergent","4","false","C00","TOTAL CPC","0","0","TOTAL MOT","8","kg","4911.47","false","8","kg","4911.47","false","4911.47","false","0","false",,"12177.12","12177.12","0","false","true",
"C","A","20190101","2019","52","2019","643","RUS","Russian Federation","X","Export","368","IRQ","Iraq","0","W00","World","H5","HS","true","3401","Soap; organic surface-active preparations used as soap, skin washing, in bars, cakes, moulded pieces, shapes, liquid or cream, containing soap or not; for retail, paper, wadding, felt and nonwovens, impregnated, coated or covered with soap or detergent","4","false","C00","TOTAL CPC","0","0","TOTAL MOT","8","kg","83004.92","false","8","kg","83004.92","false","83004.92","false","0","false",,"71297.77","71297.77","0","false","true",
"C","A","20190101","2019","52","2019","643","RUS","Russian Federation","X","Export","376","ISR","Israel","0","W00","World","H5","HS","true","3401","Soap; organic surface-active preparations used as soap, skin washing, in bars, cakes, moulded pieces, shapes, liquid or cream, containing soap or not; for retail, paper, wadding, felt and nonwovens, impregnated, coated or covered with soap or detergent","4","false","C00","TOTAL CPC","0","0","TOTAL MOT","8","kg","21004.36","false","8","kg","21004.36","false","21004.36","false","0","false",,"58205.41","58205.41","0","false","true",
"C","A","20190101","2019","52","2019","643","RUS","Russian Federation","X","Export","380","ITA","Italy","0","W00","World","H5","HS","true","3401","Soap; organic surface-active preparations used as soap, skin washing, in bars, cakes, moulded pieces, shapes, liquid or cream, containing soap or not; for retail, paper, wadding, felt and nonwovens, impregnated, coated or covered with soap or detergent","4","false","C00","TOTAL CPC","0","0","TOTAL MOT","8","kg","151376.97","false","8","kg","151376.97","false","151376.97","false","0","false",,"307712.3","307712.3","0","false","true",
"C","A","20190101","2019","52","2019","643","RUS","Russian Federation","X","Export","392","JPN","Japan","0","W00","World","H5","HS","true","3401","Soap; organic surface-active preparations used as soap, skin washing, in bars, cakes, moulded pieces, shapes, liquid or cream, containing soap or not; for retail, paper, wadding, felt and nonwovens, impregnated, coated or covered with soap or detergent","4","false","C00","TOTAL CPC","0","0","TOTAL MOT","8","kg","548.98","false","8","kg","548.98","false","548.98","false","0","false",,"6823.29","6823.29","0","false","true",
"C","A","20190101","2019","52","2019","643","RUS","Russian Federation","X","Export","398","KAZ","Kazakhstan","0","W00","World","H5","HS","true","3401","Soap; organic surface-active preparations used as soap, skin washing, in bars, cakes, moulded pieces, shapes, liquid or cream, containing soap or not; for retail, paper, wadding, felt and nonwovens, impregnated, coated or covered with soap or detergent","4","false","C00","TOTAL CPC","0","0","TOTAL MOT","8","kg","30644822","false","8","kg","30644822","false","30644822","false","0","false",,"39779564","39779564","0","false","true",
"C","A","20190101","2019","52","2019","643","RUS","Russian Federation","X","Export","410","KOR","Rep. of Korea","0","W00","World","H5","HS","true","3401","Soap; organic surface-active preparations used as soap, skin washing, in bars, cakes, moulded pieces, shapes, liquid or cream, containing soap or not; for retail, paper, wadding, felt and nonwovens, impregnated, coated or covered with soap or detergent","4","false","C00","TOTAL CPC","0","0","TOTAL MOT","8","kg","1217.44","false","8","kg","1217.44","false","1217.44","false","0","false",,"1549.46","1549.46","0","false","true",
"C","A","20190101","2019","52","2019","643","RUS","Russian Federation","X","Export","414","KWT","Kuwait","0","W00","World","H5","HS","true","3401","Soap; organic surface-active preparations used as soap, skin washing, in bars, cakes, moulded pieces, shapes, liquid or cream, containing soap or not; for retail, paper, wadding, felt and nonwovens, impregnated, coated or covered with soap or detergent","4","false","C00","TOTAL CPC","0","0","TOTAL MOT","8","kg","256.24","false","8","kg","256.24","false","256.24","false","0","false",,"2363.34","2363.34","0","false","true",
"C","A","20190101","2019","52","2019","643","RUS","Russian Federation","X","Export","417","KGZ","Kyrgyzstan","0","W00","World","H5","HS","true","3401","Soap; organic surface-active preparations used as soap, skin washing, in bars, cakes, moulded pieces, shapes, liquid or cream, containing soap or not; for retail, paper, wadding, felt and nonwovens, impregnated, coated or covered with soap or detergent","4","false","C00","TOTAL CPC","0","0","TOTAL MOT","8","kg","6503667","false","8","kg","6503667","false","6503667","false","0","false",,"7319348","7319348","0","false","true",
"C","A","20190101","2019","52","2019","643","RUS","Russian Federation","X","Export","428","LVA","Latvia","0","W00","World","H5","HS","true","3401","Soap; organic surface-active preparations used as soap, skin washing, in bars, cakes, moulded pieces, shapes, liquid or cream, containing soap or not; for retail, paper, wadding, felt and nonwovens, impregnated, coated or covered with soap or detergent","4","false","C00","TOTAL CPC","0","0","TOTAL MOT","8","kg","835613.73","false","8","kg","835613.73","false","835613.73","false","0","false",,"1441937.4","1441937.4","0","false","true",
"C","A","20190101","2019","52","2019","643","RUS","Russian Federation","X","Export","440","LTU","Lithuania","0","W00","World","H5","HS","true","3401","Soap; organic surface-active preparations used as soap, skin washing, in bars, cakes, moulded pieces, shapes, liquid or cream, containing soap or not; for retail, paper, wadding, felt and nonwovens, impregnated, coated or covered with soap or detergent","4","false","C00","TOTAL CPC","0","0","TOTAL MOT","8","kg","360757.44","false","8","kg","360757.44","false","360757.44","false","0","false",,"873720.08","873720.08","0","false","true",
"C","A","20190101","2019","52","2019","643","RUS","Russian Federation","X","Export","470","MLT","Malta","0","W00","World","H5","HS","true","3401","Soap; organic surface-active preparations used as soap, skin washing, in bars, cakes, moulded pieces, shapes, liquid or cream, containing soap or not; for retail, paper, wadding, felt and nonwovens, impregnated, coated or covered with soap or detergent","4","false","C00","TOTAL CPC","0","0","TOTAL MOT","8","kg","103.58","false","8","kg","103.58","false","103.58","false","0","false",,"53.04","53.04","0","false","true",
"C","A","20190101","2019","52","2019","643","RUS","Russian Federation","X","Export","484","MEX","Mexico","0","W00","World","H5","HS","true","3401","Soap; organic surface-active preparations used as soap, skin washing, in bars, cakes, moulded pieces, shapes, liquid or cream, containing soap or not; for retail, paper, wadding, felt and nonwovens, impregnated, coated or covered with soap or detergent","4","false","C00","TOTAL CPC","0","0","TOTAL MOT","8","kg","64.22","false","8","kg","64.22","false","64.22","false","0","false",,"547.7","547.7","0","false","true",
"C","A","20190101","2019","52","2019","643","RUS","Russian Federation","X","Export","490","S19","Other Asia, nes","0","W00","World","H5","HS","true","3401","Soap; organic surface-active preparations used as soap, skin washing, in bars, cakes, moulded pieces, shapes, liquid or cream, containing soap or not; for retail, paper, wadding, felt and nonwovens, impregnated, coated or covered with soap or detergent","4","false","C00","TOTAL CPC","0","0","TOTAL MOT","8","kg","6146.95","false","8","kg","6146.95","false","6146.95","false","0","false",,"29469.14","29469.14","0","false","true",
"C","A","20190101","2019","52","2019","643","RUS","Russian Federation","X","Export","496","MNG","Mongolia","0","W00","World","H5","HS","true","3401","Soap; organic surface-active preparations used as soap, skin washing, in bars, cakes, moulded pieces, shapes, liquid or cream, containing soap or not; for retail, paper, wadding, felt and nonwovens, impregnated, coated or covered with soap or detergent","4","false","C00","TOTAL CPC","0","0","TOTAL MOT","8","kg","1247987.83","false","8","kg","1247987.83","false","1247987.83","false","0","false",,"2124769.04","2124769.04","0","false","true",
"C","A","20190101","2019","52","2019","643","RUS","Russian Federation","X","Export","498","MDA","Rep. of Moldova","0","W00","World","H5","HS","true","3401","Soap; organic surface-active preparations used as soap, skin washing, in bars, cakes, moulded pieces, shapes, liquid or cream, containing soap or not; for retail, paper, wadding, felt and nonwovens, impregnated, coated or covered with soap or detergent","4","false","C00","TOTAL CPC","0","0","TOTAL MOT","8","kg","594686.84","false","8","kg","594686.84","false","594686.84","false","0","false",,"1057898.73","1057898.73","0","false","true",
"C","A","20190101","2019","52","2019","643","RUS","Russian Federation","X","Export","504","MAR","Morocco","0","W00","World","H5","HS","true","3401","Soap; organic surface-active preparations used as soap, skin washing, in bars, cakes, moulded pieces, shapes, liquid or cream, containing soap or not; for retail, paper, wadding, felt and nonwovens, impregnated, coated or covered with soap or detergent","4","false","C00","TOTAL CPC","0","0","TOTAL MOT","8","kg","172.07","false","8","kg","172.07","false","172.07","false","0","false",,"539.43","539.43","0","false","true",
"C","A","20190101","2019","52","2019","643","RUS","Russian Federation","X","Export","512","OMN","Oman","0","W00","World","H5","HS","true","3401","Soap; organic surface-active preparations used as soap, skin washing, in bars, cakes, moulded pieces, shapes, liquid or cream, containing soap or not; for retail, paper, wadding, felt and nonwovens, impregnated, coated or covered with soap or detergent","4","false","C00","TOTAL CPC","0","0","TOTAL MOT","8","kg","4993.92","false","8","kg","4993.92","false","4993.92","false","0","false",,"10659.6","10659.6","0","false","true",
"C","A","20190101","2019","52","2019","643","RUS","Russian Federation","X","Export","528","NLD","Netherlands","0","W00","World","H5","HS","true","3401","Soap; organic surface-active preparations used as soap, skin washing, in bars, cakes, moulded pieces, shapes, liquid or cream, containing soap or not; for retail, paper, wadding, felt and nonwovens, impregnated, coated or covered with soap or detergent","4","false","C00","TOTAL CPC","0","0","TOTAL MOT","8","kg","53498.86","false","8","kg","53498.86","false","53498.86","false","0","false",,"88120.05","88120.05","0","false","true",
"C","A","20190101","2019","52","2019","643","RUS","Russian Federation","X","Export","554","NZL","New Zealand","0","W00","World","H5","HS","true","3401","Soap; organic surface-active preparations used as soap, skin washing, in bars, cakes, moulded pieces, shapes, liquid or cream, containing soap or not; for retail, paper, wadding, felt and nonwovens, impregnated, coated or covered with soap or detergent","4","false","C00","TOTAL CPC","0","0","TOTAL MOT","8","kg","27","false","8","kg","27","false","27","false","0","false",,"331.12","331.12","0","false","true",
"C","A","20190101","2019","52","2019","643","RUS","Russian Federation","X","Export","566","NGA","Nigeria","0","W00","World","H5","HS","true","3401","Soap; organic surface-active preparations used as soap, skin washing, in bars, cakes, moulded pieces, shapes, liquid or cream, containing soap or not; for retail, paper, wadding, felt and nonwovens, impregnated, coated or covered with soap or detergent","4","false","C00","TOTAL CPC","0","0","TOTAL MOT","8","kg","1.5","false","8","kg","1.5","false","1.5","false","0","false",,"17.53","17.53","0","false","true",
"C","A","20190101","2019","52","2019","643","RUS","Russian Federation","X","Export","591","PAN","Panama","0","W00","World","H5","HS","true","3401","Soap; organic surface-active preparations used as soap, skin washing, in bars, cakes, moulded pieces, shapes, liquid or cream, containing soap or not; for retail, paper, wadding, felt and nonwovens, impregnated, coated or covered with soap or detergent","4","false","C00","TOTAL CPC","0","0","TOTAL MOT","8","kg","3.6","false","8","kg","3.6","false","3.6","false","0","false",,"6.04","6.04","0","false","true",
"C","A","20190101","2019","52","2019","643","RUS","Russian Federation","X","Export","598","PNG","Papua New Guinea","0","W00","World","H5","HS","true","3401","Soap; organic surface-active preparations used as soap, skin washing, in bars, cakes, moulded pieces, shapes, liquid or cream, containing soap or not; for retail, paper, wadding, felt and nonwovens, impregnated, coated or covered with soap or detergent","4","false","C00","TOTAL CPC","0","0","TOTAL MOT","8","kg","565","false","8","kg","565","false","565","false","0","false",,"1343.47","1343.47","0","false","true",
"C","A","20190101","2019","52","2019","643","RUS","Russian Federation","X","Export","604","PER","Peru","0","W00","World","H5","HS","true","3401","Soap; organic surface-active preparations used as soap, skin washing, in bars, cakes, moulded pieces, shapes, liquid or cream, containing soap or not; for retail, paper, wadding, felt and nonwovens, impregnated, coated or covered with soap or detergent","4","false","C00","TOTAL CPC","0","0","TOTAL MOT","8","kg","21","false","8","kg","21","false","21","false","0","false",,"226.41","226.41","0","false","true",
"C","A","20190101","2019","52","2019","643","RUS","Russian Federation","X","Export","616","POL","Poland","0","W00","World","H5","HS","true","3401","Soap; organic surface-active preparations used as soap, skin washing, in bars, cakes, moulded pieces, shapes, liquid or cream, containing soap or not; for retail, paper, wadding, felt and nonwovens, impregnated, coated or covered with soap or detergent","4","false","C00","TOTAL CPC","0","0","TOTAL MOT","8","kg","137155.93","false","8","kg","137155.93","false","137155.93","false","0","false",,"245240.17","245240.17","0","false","true",
"C","A","20190101","2019","52","2019","643","RUS","Russian Federation","X","Export","634","QAT","Qatar","0","W00","World","H5","HS","true","3401","Soap; organic surface-active preparations used as soap, skin washing, in bars, cakes, moulded pieces, shapes, liquid or cream, containing soap or not; for retail, paper, wadding, felt and nonwovens, impregnated, coated or covered with soap or detergent","4","false","C00","TOTAL CPC","0","0","TOTAL MOT","8","kg","5010.93","false","8","kg","5010.93","false","5010.93","false","0","false",,"11213.37","11213.37","0","false","true",
"C","A","20190101","2019","52","2019","643","RUS","Russian Federation","X","Export","642","ROU","Romania","0","W00","World","H5","HS","true","3401","Soap; organic surface-active preparations used as soap, skin washing, in bars, cakes, moulded pieces, shapes, liquid or cream, containing soap or not; for retail, paper, wadding, felt and nonwovens, impregnated, coated or covered with soap or detergent","4","false","C00","TOTAL CPC","0","0","TOTAL MOT","8","kg","13055.53","false","8","kg","13055.53","false","13055.53","false","0","false",,"18739.42","18739.42","0","false","true",
"C","A","20190101","2019","52","2019","643","RUS","Russian Federation","X","Export","682","SAU","Saudi Arabia","0","W00","World","H5","HS","true","3401","Soap; organic surface-active preparations used as soap, skin washing, in bars, cakes, moulded pieces, shapes, liquid or cream, containing soap or not; for retail, paper, wadding, felt and nonwovens, impregnated, coated or covered with soap or detergent","4","false","C00","TOTAL CPC","0","0","TOTAL MOT","8","kg","20008.28","false","8","kg","20008.28","false","20008.28","false","0","false",,"42856.77","42856.77","0","false","true",
"C","A","20190101","2019","52","2019","643","RUS","Russian Federation","X","Export","686","SEN","Senegal","0","W00","World","H5","HS","true","3401","Soap; organic surface-active preparations used as soap, skin washing, in bars, cakes, moulded pieces, shapes, liquid or cream, containing soap or not; for retail, paper, wadding, felt and nonwovens, impregnated, coated or covered with soap or detergent","4","false","C00","TOTAL CPC","0","0","TOTAL MOT","8","kg","997.31","false","8","kg","997.31","false","997.31","false","0","false",,"1535.38","1535.38","0","false","true",
"C","A","20190101","2019","52","2019","643","RUS","Russian Federation","X","Export","688","SRB","Serbia","0","W00","World","H5","HS","true","3401","Soap; organic surface-active preparations used as soap, skin washing, in bars, cakes, moulded pieces, shapes, liquid or cream, containing soap or not; for retail, paper, wadding, felt and nonwovens, impregnated, coated or covered with soap or detergent","4","false","C00","TOTAL CPC","0","0","TOTAL MOT","8","kg","6161.27","false","8","kg","6161.27","false","6161.27","false","0","false",,"32595.5","32595.5","0","false","true",
"C","A","20190101","2019","52","2019","643","RUS","Russian Federation","X","Export","690","SYC","Seychelles","0","W00","World","H5","HS","true","3401","Soap; organic surface-active preparations used as soap, skin washing, in bars, cakes, moulded pieces, shapes, liquid or cream, containing soap or not; for retail, paper, wadding, felt and nonwovens, impregnated, coated or covered with soap or detergent","4","false","C00","TOTAL CPC","0","0","TOTAL MOT","8","kg","14","false","8","kg","14","false","14","false","0","false",,"105.12","105.12","0","false","true",
"C","A","20190101","2019","52","2019","643","RUS","Russian Federation","X","Export","699","IND","India","0","W00","World","H5","HS","true","3401","Soap; organic surface-active preparations used as soap, skin washing, in bars, cakes, moulded pieces, shapes, liquid or cream, containing soap or not; for retail, paper, wadding, felt and nonwovens, impregnated, coated or covered with soap or detergent","4","false","C00","TOTAL CPC","0","0","TOTAL MOT","8","kg","121.98","false","8","kg","121.98","false","121.98","false","0","false",,"907.09","907.09","0","false","true",
"C","A","20190101","2019","52","2019","643","RUS","Russian Federation","X","Export","702","SGP","Singapore","0","W00","World","H5","HS","true","3401","Soap; organic surface-active preparations used as soap, skin washing, in bars, cakes, moulded pieces, shapes, liquid or cream, containing soap or not; for retail, paper, wadding, felt and nonwovens, impregnated, coated or covered with soap or detergent","4","false","C00","TOTAL CPC","0","0","TOTAL MOT","8","kg","8975.23","false","8","kg","8975.23","false","8975.23","false","0","false",,"18495.36","18495.36","0","false","true",
"C","A","20190101","2019","52","2019","643","RUS","Russian Federation","X","Export","704","VNM","Viet Nam","0","W00","World","H5","HS","true","3401","Soap; organic surface-active preparations used as soap, skin washing, in bars, cakes, moulded pieces, shapes, liquid or cream, containing soap or not; for retail, paper, wadding, felt and nonwovens, impregnated, coated or covered with soap or detergent","4","false","C00","TOTAL CPC","0","0","TOTAL MOT","8","kg","29378.98","false","8","kg","29378.98","false","29378.98","false","0","false",,"108098.8","108098.8","0","false","true",
"C","A","20190101","2019","52","2019","643","RUS","Russian Federation","X","Export","705","SVN","Slovenia","0","W00","World","H5","HS","true","3401","Soap; organic surface-active preparations used as soap, skin washing, in bars, cakes, moulded pieces, shapes, liquid or cream, containing soap or not; for retail, paper, wadding, felt and nonwovens, impregnated, coated or covered with soap or detergent","4","false","C00","TOTAL CPC","0","0","TOTAL MOT","8","kg","3.6","false","8","kg","3.6","false","3.6","false","0","false",,"337.79","337.79","0","false","true",
"C","A","20190101","2019","52","2019","643","RUS","Russian Federation","X","Export","710","ZAF","South Africa","0","W00","World","H5","HS","true","3401","Soap; organic surface-active preparations used as soap, skin washing, in bars, cakes, moulded pieces, shapes, liquid or cream, containing soap or not; for retail, paper, wadding, felt and nonwovens, impregnated, coated or covered with soap or detergent","4","false","C00","TOTAL CPC","0","0","TOTAL MOT","8","kg","80","false","8","kg","80","false","80","false","0","false",,"602","602","0","false","true",
"C","A","20190101","2019","52","2019","643","RUS","Russian Federation","X","Export","724","ESP","Spain","0","W00","World","H5","HS","true","3401","Soap; organic surface-active preparations used as soap, skin washing, in bars, cakes, moulded pieces, shapes, liquid or cream, containing soap or not; for retail, paper, wadding, felt and nonwovens, impregnated, coated or covered with soap or detergent","4","false","C00","TOTAL CPC","0","0","TOTAL MOT","8","kg","467.91","false","8","kg","467.91","false","467.91","false","0","false",,"3535.88","3535.88","0","false","true",
"C","A","20190101","2019","52","2019","643","RUS","Russian Federation","X","Export","760","SYR","Syria","0","W00","World","H5","HS","true","3401","Soap; organic surface-active preparations used as soap, skin washing, in bars, cakes, moulded pieces, shapes, liquid or cream, containing soap or not; for retail, paper, wadding, felt and nonwovens, impregnated, coated or covered with soap or detergent","4","false","C00","TOTAL CPC","0","0","TOTAL MOT","8","kg","42.47","false","8","kg","42.47","false","42.47","false","0","false",,"466.78","466.78","0","false","true",
"C","A","20190101","2019","52","2019","643","RUS","Russian Federation","X","Export","762","TJK","Tajikistan","0","W00","World","H5","HS","true","3401","Soap; organic surface-active preparations used as soap, skin washing, in bars, cakes, moulded pieces, shapes, liquid or cream, containing soap or not; for retail, paper, wadding, felt and nonwovens, impregnated, coated or covered with soap or detergent","4","false","C00","TOTAL CPC","0","0","TOTAL MOT","8","kg","9093528.39","false","8","kg","9093528.39","false","9093528.39","false","0","false",,"6006511.58","6006511.58","0","false","true",
"C","A","20190101","2019","52","2019","643","RUS","Russian Federation","X","Export","764","THA","Thailand","0","W00","World","H5","HS","true","3401","Soap; organic surface-active preparations used as soap, skin washing, in bars, cakes, moulded pieces, shapes, liquid or cream, containing soap or not; for retail, paper, wadding, felt and nonwovens, impregnated, coated or covered with soap or detergent","4","false","C00","TOTAL CPC","0","0","TOTAL MOT","8","kg","1.08","false","8","kg","1.08","false","1.08","false","0","false",,"14.45","14.45","0","false","true",
"C","A","20190101","2019","52","2019","643","RUS","Russian Federation","X","Export","784","ARE","United Arab Emirates","0","W00","World","H5","HS","true","3401","Soap; organic surface-active preparations used as soap, skin washing, in bars, cakes, moulded pieces, shapes, liquid or cream, containing soap or not; for retail, paper, wadding, felt and nonwovens, impregnated, coated or covered with soap or detergent","4","false","C00","TOTAL CPC","0","0","TOTAL MOT","8","kg","125259.9","false","8","kg","125259.9","false","125259.9","false","0","false",,"353648.31","353648.31","0","false","true",
"C","A","20190101","2019","52","2019","643","RUS","Russian Federation","X","Export","792","TUR","Türkiye","0","W00","World","H5","HS","true","3401","Soap; organic surface-active preparations used as soap, skin washing, in bars, cakes, moulded pieces, shapes, liquid or cream, containing soap or not; for retail, paper, wadding, felt and nonwovens, impregnated, coated or covered with soap or detergent","4","false","C00","TOTAL CPC","0","0","TOTAL MOT","8","kg","21989.99","false","8","kg","21989.99","false","21989.99","false","0","false",,"53850.92","53850.92","0","false","true",
"C","A","20190101","2019","52","2019","643","RUS","Russian Federation","X","Export","795","TKM","Turkmenistan","0","W00","World","H5","HS","true","3401","Soap; organic surface-active preparations used as soap, skin washing, in bars, cakes, moulded pieces, shapes, liquid or cream, containing soap or not; for retail, paper, wadding, felt and nonwovens, impregnated, coated or covered with soap or detergent","4","false","C00","TOTAL CPC","0","0","TOTAL MOT","8","kg","537867.37","false","8","kg","537867.37","false","537867.37","false","0","false",,"917635.21","917635.21","0","false","true",
"C","A","20190101","2019","52","2019","643","RUS","Russian Federation","X","Export","804","UKR","Ukraine","0","W00","World","H5","HS","true","3401","Soap; organic surface-active preparations used as soap, skin washing, in bars, cakes, moulded pieces, shapes, liquid or cream, containing soap or not; for retail, paper, wadding, felt and nonwovens, impregnated, coated or covered with soap or detergent","4","false","C00","TOTAL CPC","0","0","TOTAL MOT","8","kg","5627850.8","false","8","kg","5627850.8","false","5627850.8","false","0","false",,"7698787.96","7698787.96","0","false","true",
"C","A","20190101","2019","52","2019","643","RUS","Russian Federation","X","Export","826","GBR","United Kingdom","0","W00","World","H5","HS","true","3401","Soap; organic surface-active preparations used as soap, skin washing, in bars, cakes, moulded pieces, shapes, liquid or cream, containing soap or not; for retail, paper, wadding, felt and nonwovens, impregnated, coated or covered with soap or detergent","4","false","C00","TOTAL CPC","0","0","TOTAL MOT","8","kg","1490.4","false","8","kg","1490.4","false","1490.4","false","0","false",,"6646.91","6646.91","0","false","true",
"C","A","20190101","2019","52","2019","643","RUS","Russian Federation","X","Export","834","TZA","United Rep. of Tanzania","0","W00","World","H5","HS","true","3401","Soap; organic surface-active preparations used as soap, skin washing, in bars, cakes, moulded pieces, shapes, liquid or cream, containing soap or not; for retail, paper, wadding, felt and nonwovens, impregnated, coated or covered with soap or detergent","4","false","C00","TOTAL CPC","0","0","TOTAL MOT","8","kg","2","false","8","kg","2","false","2","false","0","false",,"11.5","11.5","0","false","true",
"C","A","20190101","2019","52","2019","643","RUS","Russian Federation","X","Export","842","USA","USA","0","W00","World","H5","HS","true","3401","Soap; organic surface-active preparations used as soap, skin washing, in bars, cakes, moulded pieces, shapes, liquid or cream, containing soap or not; for retail, paper, wadding, felt and nonwovens, impregnated, coated or covered with soap or detergent","4","false","C00","TOTAL CPC","0","0","TOTAL MOT","8","kg","21740.4","false","8","kg","21740.4","false","21740.4","false","0","false",,"75822.74","75822.74","0","false","true",
"C","A","20190101","2019","52","2019","643","RUS","Russian Federation","X","Export","860","UZB","Uzbekistan","0","W00","World","H5","HS","true","3401","Soap; organic surface-active preparations used as soap, skin washing, in bars, cakes, moulded pieces, shapes, liquid or cream, containing soap or not; for retail, paper, wadding, felt and nonwovens, impregnated, coated or covered with soap or detergent","4","false","C00","TOTAL CPC","0","0","TOTAL MOT","8","kg","3779673.93","false","8","kg","3779673.93","false","3779673.93","false","0","false",,"5922672.12","5922672.12","0","false","true",
"C","A","20190101","2019","52","2019","643","RUS","Russian Federation","X","Export","899","_X ","Areas, nes","0","W00","World","H5","HS","true","3401","Soap; organic surface-active preparations used as soap, skin washing, in bars, cakes, moulded pieces, shapes, liquid or cream, containing soap or not; for retail, paper, wadding, felt and nonwovens, impregnated, coated or covered with soap or detergent","4","false","C00","TOTAL CPC","0","0","TOTAL MOT","8","kg","270628.78","false","8","kg","270628.78","false","270628.78","false","0","false",,"490313.31","490313.31","0","false","true",
"C","A","20200101","2020","52","2020","643","RUS","Russian Federation","X","Export","0","W00","World","0","W00","World","H5","HS","true","3401","Soap; organic surface-active preparations used as soap, skin washing, in bars, cakes, moulded pieces, shapes, liquid or cream, containing soap or not; for retail, paper, wadding, felt and nonwovens, impregnated, coated or covered with soap or detergent","4","false","C00","TOTAL CPC","0","0","TOTAL MOT","8","kg","108787678.213","false","8","kg","108787678.213","false","108787678.213","false","0","false","0","139722706.024","139722706.024","0","false","true",
"C","A","20200101","2020","52","2020","643","RUS","Russian Federation","X","Export","4","AFG","Afghanistan","0","W00","World","H5","HS","true","3401","Soap; organic surface-active preparations used as soap, skin washing, in bars, cakes, moulded pieces, shapes, liquid or cream, containing soap or not; for retail, paper, wadding, felt and nonwovens, impregnated, coated or covered with soap or detergent","4","false","C00","TOTAL CPC","0","0","TOTAL MOT","8","kg","265515.1","false","8","kg","265515.1","false","265515.1","false","0","false","0","232107.72","232107.72","0","false","true",
"C","A","20200101","2020","52","2020","643","RUS","Russian Federation","X","Export","8","ALB","Albania","0","W00","World","H5","HS","true","3401","Soap; organic surface-active preparations used as soap, skin washing, in bars, cakes, moulded pieces, shapes, liquid or cream, containing soap or not; for retail, paper, wadding, felt and nonwovens, impregnated, coated or covered with soap or detergent","4","false","C00","TOTAL CPC","0","0","TOTAL MOT","8","kg","21401.512","false","8","kg","21401.512","false","21401.512","false","0","false","0","9874.93","9874.93","0","false","true",
"C","A","20200101","2020","52","2020","643","RUS","Russian Federation","X","Export","12","DZA","Algeria","0","W00","World","H5","HS","true","3401","Soap; organic surface-active preparations used as soap, skin washing, in bars, cakes, moulded pieces, shapes, liquid or cream, containing soap or not; for retail, paper, wadding, felt and nonwovens, impregnated, coated or covered with soap or detergent","4","false","C00","TOTAL CPC","0","0","TOTAL MOT","8","kg","1.49","false","8","kg","1.49","false","1.49","false","0","false","0","46.8","46.8","0","false","true",
"C","A","20200101","2020","52","2020","643","RUS","Russian Federation","X","Export","31","AZE","Azerbaijan","0","W00","World","H5","HS","true","3401","Soap; organic surface-active preparations used as soap, skin washing, in bars, cakes, moulded pieces, shapes, liquid or cream, containing soap or not; for retail, paper, wadding, felt and nonwovens, impregnated, coated or covered with soap or detergent","4","false","C00","TOTAL CPC","0","0","TOTAL MOT","8","kg","3576127.495","false","8","kg","3576127.495","false","3576127.495","false","0","false","0","5773335.31","5773335.31","0","false","true",
"C","A","20200101","2020","52","2020","643","RUS","Russian Federation","X","Export","36","AUS","Australia","0","W00","World","H5","HS","true","3401","Soap; organic surface-active preparations used as soap, skin washing, in bars, cakes, moulded pieces, shapes, liquid or cream, containing soap or not; for retail, paper, wadding, felt and nonwovens, impregnated, coated or covered with soap or detergent","4","false","C00","TOTAL CPC","0","0","TOTAL MOT","8","kg","823.348","false","8","kg","823.348","false","823.348","false","0","false","0","5791.9","5791.9","0","false","true",
"C","A","20200101","2020","52","2020","643","RUS","Russian Federation","X","Export","40","AUT","Austria","0","W00","World","H5","HS","true","3401","Soap; organic surface-active preparations used as soap, skin washing, in bars, cakes, moulded pieces, shapes, liquid or cream, containing soap or not; for retail, paper, wadding, felt and nonwovens, impregnated, coated or covered with soap or detergent","4","false","C00","TOTAL CPC","0","0","TOTAL MOT","8","kg","36.2","false","8","kg","36.2","false","36.2","false","0","false","0","118.11","118.11","0","false","true",
"C","A","20200101","2020","52","2020","643","RUS","Russian Federation","X","Export","51","ARM","Armenia","0","W00","World","H5","HS","true","3401","Soap; organic surface-active preparations used as soap, skin washing, in bars, cakes, moulded pieces, shapes, liquid or cream, containing soap or not; for retail, paper, wadding, felt and nonwovens, impregnated, coated or covered with soap or detergent","4","false","C00","TOTAL CPC","0","0","TOTAL MOT","8","kg","2130637.317","false","8","kg","2130637.317","false","2130637.317","false","0","false","0","3491082.674","3491082.674","0","false","true",
"C","A","20200101","2020","52","2020","643","RUS","Russian Federation","X","Export","56","BEL","Belgium","0","W00","World","H5","HS","true","3401","Soap; organic surface-active preparations used as soap, skin washing, in bars, cakes, moulded pieces, shapes, liquid or cream, containing soap or not; for retail, paper, wadding, felt and nonwovens, impregnated, coated or covered with soap or detergent","4","false","C00","TOTAL CPC","0","0","TOTAL MOT","8","kg","2973.073","false","8","kg","2973.073","false","2973.073","false","0","false","0","57864.96","57864.96","0","false","true",
"C","A","20200101","2020","52","2020","643","RUS","Russian Federation","X","Export","70","BIH","Bosnia Herzegovina","0","W00","World","H5","HS","true","3401","Soap; organic surface-active preparations used as soap, skin washing, in bars, cakes, moulded pieces, shapes, liquid or cream, containing soap or not; for retail, paper, wadding, felt and nonwovens, impregnated, coated or covered with soap or detergent","4","false","C00","TOTAL CPC","0","0","TOTAL MOT","8","kg","274.616","false","8","kg","274.616","false","274.616","false","0","false","0","1810.32","1810.32","0","false","true",
"C","A","20200101","2020","52","2020","643","RUS","Russian Federation","X","Export","100","BGR","Bulgaria","0","W00","World","H5","HS","true","3401","Soap; organic surface-active preparations used as soap, skin washing, in bars, cakes, moulded pieces, shapes, liquid or cream, containing soap or not; for retail, paper, wadding, felt and nonwovens, impregnated, coated or covered with soap or detergent","4","false","C00","TOTAL CPC","0","0","TOTAL MOT","8","kg","3604.716","false","8","kg","3604.716","false","3604.716","false","0","false","0","11929.25","11929.25","0","false","true",
"C","A","20200101","2020","52","2020","643","RUS","Russian Federation","X","Export","112","BLR","Belarus","0","W00","World","H5","HS","true","3401","Soap; organic surface-active preparations used as soap, skin washing, in bars, cakes, moulded pieces, shapes, liquid or cream, containing soap or not; for retail, paper, wadding, felt and nonwovens, impregnated, coated or covered with soap or detergent","4","false","C00","TOTAL CPC","0","0","TOTAL MOT","8","kg","17477326.901","false","8","kg","17477326.901","false","17477326.901","false","0","false","0","28302227.438","28302227.438","0","false","true",
"C","A","20200101","2020","52","2020","643","RUS","Russian Federation","X","Export","124","CAN","Canada","0","W00","World","H5","HS","true","3401","Soap; organic surface-active preparations used as soap, skin washing, in bars, cakes, moulded pieces, shapes, liquid or cream, containing soap or not; for retail, paper, wadding, felt and nonwovens, impregnated, coated or covered with soap or detergent","4","false","C00","TOTAL CPC","0","0","TOTAL MOT","8","kg","11014.16","false","8","kg","11014.16","false","11014.16","false","0","false","0","66694.23","66694.23","0","false","true",
"C","A","20200101","2020","52","2020","643","RUS","Russian Federation","X","Export","156","CHN","China","0","W00","World","H5","HS","true","3401","Soap; organic surface-active preparations used as soap, skin washing, in bars, cakes, moulded pieces, shapes, liquid or cream, containing soap or not; for retail, paper, wadding, felt and nonwovens, impregnated, coated or covered with soap or detergent","4","false","C00","TOTAL CPC","0","0","TOTAL MOT","8","kg","693041.873","false","8","kg","693041.873","false","693041.873","false","0","false","0","2113595.71","2113595.71","0","false","true",
"C","A","20200101","2020","52","2020","643","RUS","Russian Federation","X","Export","188","CRI","Costa Rica","0","W00","World","H5","HS","true","3401","Soap; organic surface-active preparations used as soap, skin washing, in bars, cakes, moulded pieces, shapes, liquid or cream, containing soap or not; for retail, paper, wadding, felt and nonwovens, impregnated, coated or covered with soap or detergent","4","false","C00","TOTAL CPC","0","0","TOTAL MOT","8","kg","25.6","false","8","kg","25.6","false","25.6","false","0","false","0","230.94","230.94","0","false","true",
"C","A","20200101","2020","52","2020","643","RUS","Russian Federation","X","Export","196","CYP","Cyprus","0","W00","World","H5","HS","true","3401","Soap; organic surface-active preparations used as soap, skin washing, in bars, cakes, moulded pieces, shapes, liquid or cream, containing soap or not; for retail, paper, wadding, felt and nonwovens, impregnated, coated or covered with soap or detergent","4","false","C00","TOTAL CPC","0","0","TOTAL MOT","8","kg","250.78","false","8","kg","250.78","false","250.78","false","0","false","0","1622.4","1622.4","0","false","true",
"C","A","20200101","2020","52","2020","643","RUS","Russian Federation","X","Export","203","CZE","Czechia","0","W00","World","H5","HS","true","3401","Soap; organic surface-active preparations used as soap, skin washing, in bars, cakes, moulded pieces, shapes, liquid or cream, containing soap or not; for retail, paper, wadding, felt and nonwovens, impregnated, coated or covered with soap or detergent","4","false","C00","TOTAL CPC","0","0","TOTAL MOT","8","kg","25893.635","false","8","kg","25893.635","false","25893.635","false","0","false","0","48352.35","48352.35","0","false","true",
"C","A","20200101","2020","52","2020","643","RUS","Russian Federation","X","Export","208","DNK","Denmark","0","W00","World","H5","HS","true","3401","Soap; organic surface-active preparations used as soap, skin washing, in bars, cakes, moulded pieces, shapes, liquid or cream, containing soap or not; for retail, paper, wadding, felt and nonwovens, impregnated, coated or covered with soap or detergent","4","false","C00","TOTAL CPC","0","0","TOTAL MOT","8","kg","1.05","false","8","kg","1.05","false","1.05","false","0","false","0","138","138","0","false","true",
"C","A","20200101","2020","52","2020","643","RUS","Russian Federation","X","Export","233","EST","Estonia","0","W00","World","H5","HS","true","3401","Soap; organic surface-active preparations used as soap, skin washing, in bars, cakes, moulded pieces, shapes, liquid or cream, containing soap or not; for retail, paper, wadding, felt and nonwovens, impregnated, coated or covered with soap or detergent","4","false","C00","TOTAL CPC","0","0","TOTAL MOT","8","kg","192432.13","false","8","kg","192432.13","false","192432.13","false","0","false","0","317154.46","317154.46","0","false","true",
"C","A","20200101","2020","52","2020","643","RUS","Russian Federation","X","Export","234","FRO","Faroe Isds","0","W00","World","H5","HS","true","3401","Soap; organic surface-active preparations used as soap, skin washing, in bars, cakes, moulded pieces, shapes, liquid or cream, containing soap or not; for retail, paper, wadding, felt and nonwovens, impregnated, coated or covered with soap or detergent","4","false","C00","TOTAL CPC","0","0","TOTAL MOT","8","kg","46","false","8","kg","46","false","46","false","0","false","0","116.4","116.4","0","false","true",
"C","A","20200101","2020","52","2020","643","RUS","Russian Federation","X","Export","246","FIN","Finland","0","W00","World","H5","HS","true","3401","Soap; organic surface-active preparations used as soap, skin washing, in bars, cakes, moulded pieces, shapes, liquid or cream, containing soap or not; for retail, paper, wadding, felt and nonwovens, impregnated, coated or covered with soap or detergent","4","false","C00","TOTAL CPC","0","0","TOTAL MOT","8","kg","634","false","8","kg","634","false","634","false","0","false","0","841.91","841.91","0","false","true",
"C","A","20200101","2020","52","2020","643","RUS","Russian Federation","X","Export","251","FRA","France","0","W00","World","H5","HS","true","3401","Soap; organic surface-active preparations used as soap, skin washing, in bars, cakes, moulded pieces, shapes, liquid or cream, containing soap or not; for retail, paper, wadding, felt and nonwovens, impregnated, coated or covered with soap or detergent","4","false","C00","TOTAL CPC","0","0","TOTAL MOT","8","kg","28850.1","false","8","kg","28850.1","false","28850.1","false","0","false","0","48006.54","48006.54","0","false","true",
"C","A","20200101","2020","52","2020","643","RUS","Russian Federation","X","Export","268","GEO","Georgia","0","W00","World","H5","HS","true","3401","Soap; organic surface-active preparations used as soap, skin washing, in bars, cakes, moulded pieces, shapes, liquid or cream, containing soap or not; for retail, paper, wadding, felt and nonwovens, impregnated, coated or covered with soap or detergent","4","false","C00","TOTAL CPC","0","0","TOTAL MOT","8","kg","2026748.966","false","8","kg","2026748.966","false","2026748.966","false","0","false","0","3552813.68","3552813.68","0","false","true",
"C","A","20200101","2020","52","2020","643","RUS","Russian Federation","X","Export","276","DEU","Germany","0","W00","World","H5","HS","true","3401","Soap; organic surface-active preparations used as soap, skin washing, in bars, cakes, moulded pieces, shapes, liquid or cream, containing soap or not; for retail, paper, wadding, felt and nonwovens, impregnated, coated or covered with soap or detergent","4","false","C00","TOTAL CPC","0","0","TOTAL MOT","8","kg","365031.782","false","8","kg","365031.782","false","365031.782","false","0","false","0","1040103","1040103","0","false","true",
"C","A","20200101","2020","52","2020","643","RUS","Russian Federation","X","Export","300","GRC","Greece","0","W00","World","H5","HS","true","3401","Soap; organic surface-active preparations used as soap, skin washing, in bars, cakes, moulded pieces, shapes, liquid or cream, containing soap or not; for retail, paper, wadding, felt and nonwovens, impregnated, coated or covered with soap or detergent","4","false","C00","TOTAL CPC","0","0","TOTAL MOT","8","kg","945.46","false","8","kg","945.46","false","945.46","false","0","false","0","822.04","822.04","0","false","true",
"C","A","20200101","2020","52","2020","643","RUS","Russian Federation","X","Export","324","GIN","Guinea","0","W00","World","H5","HS","true","3401","Soap; organic surface-active preparations used as soap, skin washing, in bars, cakes, moulded pieces, shapes, liquid or cream, containing soap or not; for retail, paper, wadding, felt and nonwovens, impregnated, coated or covered with soap or detergent","4","false","C00","TOTAL CPC","0","0","TOTAL MOT","8","kg","2766.5","false","8","kg","2766.5","false","2766.5","false","0","false","0","9368.02","9368.02","0","false","true",
"C","A","20200101","2020","52","2020","643","RUS","Russian Federation","X","Export","344","HKG","China, Hong Kong SAR","0","W00","World","H5","HS","true","3401","Soap; organic surface-active preparations used as soap, skin washing, in bars, cakes, moulded pieces, shapes, liquid or cream, containing soap or not; for retail, paper, wadding, felt and nonwovens, impregnated, coated or covered with soap or detergent","4","false","C00","TOTAL CPC","0","0","TOTAL MOT","8","kg","11205.491","false","8","kg","11205.491","false","11205.491","false","0","false","0","88368.8","88368.8","0","false","true",
"C","A","20200101","2020","52","2020","643","RUS","Russian Federation","X","Export","348","HUN","Hungary","0","W00","World","H5","HS","true","3401","Soap; organic surface-active preparations used as soap, skin washing, in bars, cakes, moulded pieces, shapes, liquid or cream, containing soap or not; for retail, paper, wadding, felt and nonwovens, impregnated, coated or covered with soap or detergent","4","false","C00","TOTAL CPC","0","0","TOTAL MOT","8","kg","686.245","false","8","kg","686.245","false","686.245","false","0","false","0","5719.6","5719.6","0","false","true",
"C","A","20200101","2020","52","2020","643","RUS","Russian Federation","X","Export","352","ISL","Iceland","0","W00","World","H5","HS","true","3401","Soap; organic surface-active preparations used as soap, skin washing, in bars, cakes, moulded pieces, shapes, liquid or cream, containing soap or not; for retail, paper, wadding, felt and nonwovens, impregnated, coated or covered with soap or detergent","4","false","C00","TOTAL CPC","0","0","TOTAL MOT","8","kg","58","false","8","kg","58","false","58","false","0","false","0","147.3","147.3","0","false","true",
"C","A","20200101","2020","52","2020","643","RUS","Russian Federation","X","Export","368","IRQ","Iraq","0","W00","World","H5","HS","true","3401","Soap; organic surface-active preparations used as soap, skin washing, in bars, cakes, moulded pieces, shapes, liquid or cream, containing soap or not; for retail, paper, wadding, felt and nonwovens, impregnated, coated or covered with soap or detergent","4","false","C00","TOTAL CPC","0","0","TOTAL MOT","8","kg","23311.772","false","8","kg","23311.772","false","23311.772","false","0","false","0","34316.92","34316.92","0","false","true",
"C","A","20200101","2020","52","2020","643","RUS","Russian Federation","X","Export","372","IRL","Ireland","0","W00","World","H5","HS","true","3401","Soap; organic surface-active preparations used as soap, skin washing, in bars, cakes, moulded pieces, shapes, liquid or cream, containing soap or not; for retail, paper, wadding, felt and nonwovens, impregnated, coated or covered with soap or detergent","4","false","C00","TOTAL CPC","0","0","TOTAL MOT","8","kg","0.08","false","8","kg","0.08","false","0.08","false","0","false","0","5.18","5.18","0","false","true",
"C","A","20200101","2020","52","2020","643","RUS","Russian Federation","X","Export","376","ISR","Israel","0","W00","World","H5","HS","true","3401","Soap; organic surface-active preparations used as soap, skin washing, in bars, cakes, moulded pieces, shapes, liquid or cream, containing soap or not; for retail, paper, wadding, felt and nonwovens, impregnated, coated or covered with soap or detergent","4","false","C00","TOTAL CPC","0","0","TOTAL MOT","8","kg","37247.463","false","8","kg","37247.463","false","37247.463","false","0","false","0","102756.34","102756.34","0","false","true",
"C","A","20200101","2020","52","2020","643","RUS","Russian Federation","X","Export","380","ITA","Italy","0","W00","World","H5","HS","true","3401","Soap; organic surface-active preparations used as soap, skin washing, in bars, cakes, moulded pieces, shapes, liquid or cream, containing soap or not; for retail, paper, wadding, felt and nonwovens, impregnated, coated or covered with soap or detergent","4","false","C00","TOTAL CPC","0","0","TOTAL MOT","8","kg","36399.426","false","8","kg","36399.426","false","36399.426","false","0","false","0","192477.63","192477.63","0","false","true",
"C","A","20200101","2020","52","2020","643","RUS","Russian Federation","X","Export","392","JPN","Japan","0","W00","World","H5","HS","true","3401","Soap; organic surface-active preparations used as soap, skin washing, in bars, cakes, moulded pieces, shapes, liquid or cream, containing soap or not; for retail, paper, wadding, felt and nonwovens, impregnated, coated or covered with soap or detergent","4","false","C00","TOTAL CPC","0","0","TOTAL MOT","8","kg","306.198","false","8","kg","306.198","false","306.198","false","0","false","0","5694.21","5694.21","0","false","true",
"C","A","20200101","2020","52","2020","643","RUS","Russian Federation","X","Export","398","KAZ","Kazakhstan","0","W00","World","H5","HS","true","3401","Soap; organic surface-active preparations used as soap, skin washing, in bars, cakes, moulded pieces, shapes, liquid or cream, containing soap or not; for retail, paper, wadding, felt and nonwovens, impregnated, coated or covered with soap or detergent","4","false","C00","TOTAL CPC","0","0","TOTAL MOT","8","kg","42072770.757","false","8","kg","42072770.757","false","42072770.757","false","0","false","0","44451110.04","44451110.04","0","false","true",
"C","A","20200101","2020","52","2020","643","RUS","Russian Federation","X","Export","400","JOR","Jordan","0","W00","World","H5","HS","true","3401","Soap; organic surface-active preparations used as soap, skin washing, in bars, cakes, moulded pieces, shapes, liquid or cream, containing soap or not; for retail, paper, wadding, felt and nonwovens, impregnated, coated or covered with soap or detergent","4","false","C00","TOTAL CPC","0","0","TOTAL MOT","8","kg","5058","false","8","kg","5058","false","5058","false","0","false","0","4571.69","4571.69","0","false","true",
"C","A","20200101","2020","52","2020","643","RUS","Russian Federation","X","Export","410","KOR","Rep. of Korea","0","W00","World","H5","HS","true","3401","Soap; organic surface-active preparations used as soap, skin washing, in bars, cakes, moulded pieces, shapes, liquid or cream, containing soap or not; for retail, paper, wadding, felt and nonwovens, impregnated, coated or covered with soap or detergent","4","false","C00","TOTAL CPC","0","0","TOTAL MOT","8","kg","11528.27","false","8","kg","11528.27","false","11528.27","false","0","false","0","81612.17","81612.17","0","false","true",
"C","A","20200101","2020","52","2020","643","RUS","Russian Federation","X","Export","414","KWT","Kuwait","0","W00","World","H5","HS","true","3401","Soap; organic surface-active preparations used as soap, skin washing, in bars, cakes, moulded pieces, shapes, liquid or cream, containing soap or not; for retail, paper, wadding, felt and nonwovens, impregnated, coated or covered with soap or detergent","4","false","C00","TOTAL CPC","0","0","TOTAL MOT","8","kg","8.405","false","8","kg","8.405","false","8.405","false","0","false","0","163","163","0","false","true",
"C","A","20200101","2020","52","2020","643","RUS","Russian Federation","X","Export","417","KGZ","Kyrgyzstan","0","W00","World","H5","HS","true","3401","Soap; organic surface-active preparations used as soap, skin washing, in bars, cakes, moulded pieces, shapes, liquid or cream, containing soap or not; for retail, paper, wadding, felt and nonwovens, impregnated, coated or covered with soap or detergent","4","false","C00","TOTAL CPC","0","0","TOTAL MOT","8","kg","9114950.065","false","8","kg","9114950.065","false","9114950.065","false","0","false","0","8508914.661","8508914.661","0","false","true",
"C","A","20200101","2020","52","2020","643","RUS","Russian Federation","X","Export","418","LAO","Lao People's Dem. Rep.","0","W00","World","H5","HS","true","3401","Soap; organic surface-active preparations used as soap, skin washing, in bars, cakes, moulded pieces, shapes, liquid or cream, containing soap or not; for retail, paper, wadding, felt and nonwovens, impregnated, coated or covered with soap or detergent","4","false","C00","TOTAL CPC","0","0","TOTAL MOT","8","kg","4917.6","false","8","kg","4917.6","false","4917.6","false","0","false","0","4311.36","4311.36","0","false","true",
"C","A","20200101","2020","52","2020","643","RUS","Russian Federation","X","Export","428","LVA","Latvia","0","W00","World","H5","HS","true","3401","Soap; organic surface-active preparations used as soap, skin washing, in bars, cakes, moulded pieces, shapes, liquid or cream, containing soap or not; for retail, paper, wadding, felt and nonwovens, impregnated, coated or covered with soap or detergent","4","false","C00","TOTAL CPC","0","0","TOTAL MOT","8","kg","1494460.153","false","8","kg","1494460.153","false","1494460.153","false","0","false","0","2744526.09","2744526.09","0","false","true",
"C","A","20200101","2020","52","2020","643","RUS","Russian Federation","X","Export","434","LBY","Libya","0","W00","World","H5","HS","true","3401","Soap; organic surface-active preparations used as soap, skin washing, in bars, cakes, moulded pieces, shapes, liquid or cream, containing soap or not; for retail, paper, wadding, felt and nonwovens, impregnated, coated or covered with soap or detergent","4","false","C00","TOTAL CPC","0","0","TOTAL MOT","8","kg","50.668","false","8","kg","50.668","false","50.668","false","0","false","0","186.3","186.3","0","false","true",
"C","A","20200101","2020","52","2020","643","RUS","Russian Federation","X","Export","440","LTU","Lithuania","0","W00","World","H5","HS","true","3401","Soap; organic surface-active preparations used as soap, skin washing, in bars, cakes, moulded pieces, shapes, liquid or cream, containing soap or not; for retail, paper, wadding, felt and nonwovens, impregnated, coated or covered with soap or detergent","4","false","C00","TOTAL CPC","0","0","TOTAL MOT","8","kg","802953.315","false","8","kg","802953.315","false","802953.315","false","0","false","0","1509709.78","1509709.78","0","false","true",
"C","A","20200101","2020","52","2020","643","RUS","Russian Federation","X","Export","458","MYS","Malaysia","0","W00","World","H5","HS","true","3401","Soap; organic surface-active preparations used as soap, skin washing, in bars, cakes, moulded pieces, shapes, liquid or cream, containing soap or not; for retail, paper, wadding, felt and nonwovens, impregnated, coated or covered with soap or detergent","4","false","C00","TOTAL CPC","0","0","TOTAL MOT","8","kg","781","false","8","kg","781","false","781","false","0","false","0","1861.14","1861.14","0","false","true",
"C","A","20200101","2020","52","2020","643","RUS","Russian Federation","X","Export","484","MEX","Mexico","0","W00","World","H5","HS","true","3401","Soap; organic surface-active preparations used as soap, skin washing, in bars, cakes, moulded pieces, shapes, liquid or cream, containing soap or not; for retail, paper, wadding, felt and nonwovens, impregnated, coated or covered with soap or detergent","4","false","C00","TOTAL CPC","0","0","TOTAL MOT","8","kg","11.5","false","8","kg","11.5","false","11.5","false","0","false","0","353.15","353.15","0","false","true",
"C","A","20200101","2020","52","2020","643","RUS","Russian Federation","X","Export","490","S19","Other Asia, nes","0","W00","World","H5","HS","true","3401","Soap; organic surface-active preparations used as soap, skin washing, in bars, cakes, moulded pieces, shapes, liquid or cream, containing soap or not; for retail, paper, wadding, felt and nonwovens, impregnated, coated or covered with soap or detergent","4","false","C00","TOTAL CPC","0","0","TOTAL MOT","8","kg","2750.576","false","8","kg","2750.576","false","2750.576","false","0","false","0","19177.89","19177.89","0","false","true",
"C","A","20200101","2020","52","2020","643","RUS","Russian Federation","X","Export","496","MNG","Mongolia","0","W00","World","H5","HS","true","3401","Soap; organic surface-active preparations used as soap, skin washing, in bars, cakes, moulded pieces, shapes, liquid or cream, containing soap or not; for retail, paper, wadding, felt and nonwovens, impregnated, coated or covered with soap or detergent","4","false","C00","TOTAL CPC","0","0","TOTAL MOT","8","kg","1555917.087","false","8","kg","1555917.087","false","1555917.087","false","0","false","0","2902188.83","2902188.83","0","false","true",
"C","A","20200101","2020","52","2020","643","RUS","Russian Federation","X","Export","498","MDA","Rep. of Moldova","0","W00","World","H5","HS","true","3401","Soap; organic surface-active preparations used as soap, skin washing, in bars, cakes, moulded pieces, shapes, liquid or cream, containing soap or not; for retail, paper, wadding, felt and nonwovens, impregnated, coated or covered with soap or detergent","4","false","C00","TOTAL CPC","0","0","TOTAL MOT","8","kg","832221.6","false","8","kg","832221.6","false","832221.6","false","0","false","0","1271283.84","1271283.84","0","false","true",
"C","A","20200101","2020","52","2020","643","RUS","Russian Federation","X","Export","499","MNE","Montenegro","0","W00","World","H5","HS","true","3401","Soap; organic surface-active preparations used as soap, skin washing, in bars, cakes, moulded pieces, shapes, liquid or cream, containing soap or not; for retail, paper, wadding, felt and nonwovens, impregnated, coated or covered with soap or detergent","4","false","C00","TOTAL CPC","0","0","TOTAL MOT","8","kg","453.14","false","8","kg","453.14","false","453.14","false","0","false","0","1190.18","1190.18","0","false","true",
"C","A","20200101","2020","52","2020","643","RUS","Russian Federation","X","Export","528","NLD","Netherlands","0","W00","World","H5","HS","true","3401","Soap; organic surface-active preparations used as soap, skin washing, in bars, cakes, moulded pieces, shapes, liquid or cream, containing soap or not; for retail, paper, wadding, felt and nonwovens, impregnated, coated or covered with soap or detergent","4","false","C00","TOTAL CPC","0","0","TOTAL MOT","8","kg","836851.582","false","8","kg","836851.582","false","836851.582","false","0","false","0","939024.46","939024.46","0","false","true",
"C","A","20200101","2020","52","2020","643","RUS","Russian Federation","X","Export","554","NZL","New Zealand","0","W00","World","H5","HS","true","3401","Soap; organic surface-active preparations used as soap, skin washing, in bars, cakes, moulded pieces, shapes, liquid or cream, containing soap or not; for retail, paper, wadding, felt and nonwovens, impregnated, coated or covered with soap or detergent","4","false","C00","TOTAL CPC","0","0","TOTAL MOT","8","kg","43","false","8","kg","43","false","43","false","0","false","0","192.28","192.28","0","false","true",
"C","A","20200101","2020","52","2020","643","RUS","Russian Federation","X","Export","579","NOR","Norway","0","W00","World","H5","HS","true","3401","Soap; organic surface-active preparations used as soap, skin washing, in bars, cakes, moulded pieces, shapes, liquid or cream, containing soap or not; for retail, paper, wadding, felt and nonwovens, impregnated, coated or covered with soap or detergent","4","false","C00","TOTAL CPC","0","0","TOTAL MOT","8","kg","0.035","false","8","kg","0.035","false","0.035","false","0","false","0","6.51","6.51","0","false","true",
"C","A","20200101","2020","52","2020","643","RUS","Russian Federation","X","Export","616","POL","Poland","0","W00","World","H5","HS","true","3401","Soap; organic surface-active preparations used as soap, skin washing, in bars, cakes, moulded pieces, shapes, liquid or cream, containing soap or not; for retail, paper, wadding, felt and nonwovens, impregnated, coated or covered with soap or detergent","4","false","C00","TOTAL CPC","0","0","TOTAL MOT","8","kg","961345.525","false","8","kg","961345.525","false","961345.525","false","0","false","0","1544203","1544203","0","false","true",
"C","A","20200101","2020","52","2020","643","RUS","Russian Federation","X","Export","642","ROU","Romania","0","W00","World","H5","HS","true","3401","Soap; organic surface-active preparations used as soap, skin washing, in bars, cakes, moulded pieces, shapes, liquid or cream, containing soap or not; for retail, paper, wadding, felt and nonwovens, impregnated, coated or covered with soap or detergent","4","false","C00","TOTAL CPC","0","0","TOTAL MOT","8","kg","86202.947","false","8","kg","86202.947","false","86202.947","false","0","false","0","84216.13","84216.13","0","false","true",
"C","A","20200101","2020","52","2020","643","RUS","Russian Federation","X","Export","682","SAU","Saudi Arabia","0","W00","World","H5","HS","true","3401","Soap; organic surface-active preparations used as soap, skin washing, in bars, cakes, moulded pieces, shapes, liquid or cream, containing soap or not; for retail, paper, wadding, felt and nonwovens, impregnated, coated or covered with soap or detergent","4","false","C00","TOTAL CPC","0","0","TOTAL MOT","8","kg","44168.1","false","8","kg","44168.1","false","44168.1","false","0","false","0","107160.21","107160.21","0","false","true",
"C","A","20200101","2020","52","2020","643","RUS","Russian Federation","X","Export","686","SEN","Senegal","0","W00","World","H5","HS","true","3401","Soap; organic surface-active preparations used as soap, skin washing, in bars, cakes, moulded pieces, shapes, liquid or cream, containing soap or not; for retail, paper, wadding, felt and nonwovens, impregnated, coated or covered with soap or detergent","4","false","C00","TOTAL CPC","0","0","TOTAL MOT","8","kg","7427.923","false","8","kg","7427.923","false","7427.923","false","0","false","0","6270.65","6270.65","0","false","true",
"C","A","20200101","2020","52","2020","643","RUS","Russian Federation","X","Export","688","SRB","Serbia","0","W00","World","H5","HS","true","3401","Soap; organic surface-active preparations used as soap, skin washing, in bars, cakes, moulded pieces, shapes, liquid or cream, containing soap or not; for retail, paper, wadding, felt and nonwovens, impregnated, coated or covered with soap or detergent","4","false","C00","TOTAL CPC","0","0","TOTAL MOT","8","kg","9999.108","false","8","kg","9999.108","false","9999.108","false","0","false","0","37128.26","37128.26","0","false","true",
"C","A","20200101","2020","52","2020","643","RUS","Russian Federation","X","Export","699","IND","India","0","W00","World","H5","HS","true","3401","Soap; organic surface-active preparations used as soap, skin washing, in bars, cakes, moulded pieces, shapes, liquid or cream, containing soap or not; for retail, paper, wadding, felt and nonwovens, impregnated, coated or covered with soap or detergent","4","false","C00","TOTAL CPC","0","0","TOTAL MOT","8","kg","202.88","false","8","kg","202.88","false","202.88","false","0","false","0","303.93","303.93","0","false","true",
"C","A","20200101","2020","52","2020","643","RUS","Russian Federation","X","Export","702","SGP","Singapore","0","W00","World","H5","HS","true","3401","Soap; organic surface-active preparations used as soap, skin washing, in bars, cakes, moulded pieces, shapes, liquid or cream, containing soap or not; for retail, paper, wadding, felt and nonwovens, impregnated, coated or covered with soap or detergent","4","false","C00","TOTAL CPC","0","0","TOTAL MOT","8","kg","48007.532","false","8","kg","48007.532","false","48007.532","false","0","false","0","59363.2","59363.2","0","false","true",
"C","A","20200101","2020","52","2020","643","RUS","Russian Federation","X","Export","703","SVK","Slovakia","0","W00","World","H5","HS","true","3401","Soap; organic surface-active preparations used as soap, skin washing, in bars, cakes, moulded pieces, shapes, liquid or cream, containing soap or not; for retail, paper, wadding, felt and nonwovens, impregnated, coated or covered with soap or detergent","4","false","C00","TOTAL CPC","0","0","TOTAL MOT","8","kg","525.9","false","8","kg","525.9","false","525.9","false","0","false","0","2981.32","2981.32","0","false","true",
"C","A","20200101","2020","52","2020","643","RUS","Russian Federation","X","Export","704","VNM","Viet Nam","0","W00","World","H5","HS","true","3401","Soap; organic surface-active preparations used as soap, skin washing, in bars, cakes, moulded pieces, shapes, liquid or cream, containing soap or not; for retail, paper, wadding, felt and nonwovens, impregnated, coated or covered with soap or detergent","4","false","C00","TOTAL CPC","0","0","TOTAL MOT","8","kg","72930.326","false","8","kg","72930.326","false","72930.326","false","0","false","0","248405.07","248405.07","0","false","true",
"C","A","20200101","2020","52","2020","643","RUS","Russian Federation","X","Export","705","SVN","Slovenia","0","W00","World","H5","HS","true","3401","Soap; organic surface-active preparations used as soap, skin washing, in bars, cakes, moulded pieces, shapes, liquid or cream, containing soap or not; for retail, paper, wadding, felt and nonwovens, impregnated, coated or covered with soap or detergent","4","false","C00","TOTAL CPC","0","0","TOTAL MOT","8","kg","33.5","false","8","kg","33.5","false","33.5","false","0","false","0","1059.09","1059.09","0","false","true",
"C","A","20200101","2020","52","2020","643","RUS","Russian Federation","X","Export","710","ZAF","South Africa","0","W00","World","H5","HS","true","3401","Soap; organic surface-active preparations used as soap, skin washing, in bars, cakes, moulded pieces, shapes, liquid or cream, containing soap or not; for retail, paper, wadding, felt and nonwovens, impregnated, coated or covered with soap or detergent","4","false","C00","TOTAL CPC","0","0","TOTAL MOT","8","kg","11208.78","false","8","kg","11208.78","false","11208.78","false","0","false","0","73290.12","73290.12","0","false","true",
"C","A","20200101","2020","52","2020","643","RUS","Russian Federation","X","Export","724","ESP","Spain","0","W00","World","H5","HS","true","3401","Soap; organic surface-active preparations used as soap, skin washing, in bars, cakes, moulded pieces, shapes, liquid or cream, containing soap or not; for retail, paper, wadding, felt and nonwovens, impregnated, coated or covered with soap or detergent","4","false","C00","TOTAL CPC","0","0","TOTAL MOT","8","kg","138.318","false","8","kg","138.318","false","138.318","false","0","false","0","941.21","941.21","0","false","true",
"C","A","20200101","2020","52","2020","643","RUS","Russian Federation","X","Export","752","SWE","Sweden","0","W00","World","H5","HS","true","3401","Soap; organic surface-active preparations used as soap, skin washing, in bars, cakes, moulded pieces, shapes, liquid or cream, containing soap or not; for retail, paper, wadding, felt and nonwovens, impregnated, coated or covered with soap or detergent","4","false","C00","TOTAL CPC","0","0","TOTAL MOT","8","kg","16.806","false","8","kg","16.806","false","16.806","false","0","false","0","334.08","334.08","0","false","true",
"C","A","20200101","2020","52","2020","643","RUS","Russian Federation","X","Export","757","CHE","Switzerland","0","W00","World","H5","HS","true","3401","Soap; organic surface-active preparations used as soap, skin washing, in bars, cakes, moulded pieces, shapes, liquid or cream, containing soap or not; for retail, paper, wadding, felt and nonwovens, impregnated, coated or covered with soap or detergent","4","false","C00","TOTAL CPC","0","0","TOTAL MOT","8","kg","352469.5","false","8","kg","352469.5","false","352469.5","false","0","false","0","391059.87","391059.87","0","false","true",
"C","A","20200101","2020","52","2020","643","RUS","Russian Federation","X","Export","762","TJK","Tajikistan","0","W00","World","H5","HS","true","3401","Soap; organic surface-active preparations used as soap, skin washing, in bars, cakes, moulded pieces, shapes, liquid or cream, containing soap or not; for retail, paper, wadding, felt and nonwovens, impregnated, coated or covered with soap or detergent","4","false","C00","TOTAL CPC","0","0","TOTAL MOT","8","kg","10486159.221","false","8","kg","10486159.221","false","10486159.221","false","0","false","0","8375559.11","8375559.11","0","false","true",
"C","A","20200101","2020","52","2020","643","RUS","Russian Federation","X","Export","784","ARE","United Arab Emirates","0","W00","World","H5","HS","true","3401","Soap; organic surface-active preparations used as soap, skin washing, in bars, cakes, moulded pieces, shapes, liquid or cream, containing soap or not; for retail, paper, wadding, felt and nonwovens, impregnated, coated or covered with soap or detergent","4","false","C00","TOTAL CPC","0","0","TOTAL MOT","8","kg","49523.699","false","8","kg","49523.699","false","49523.699","false","0","false","0","190412","190412","0","false","true",
"C","A","20200101","2020","52","2020","643","RUS","Russian Federation","X","Export","792","TUR","Türkiye","0","W00","World","H5","HS","true","3401","Soap; organic surface-active preparations used as soap, skin washing, in bars, cakes, moulded pieces, shapes, liquid or cream, containing soap or not; for retail, paper, wadding, felt and nonwovens, impregnated, coated or covered with soap or detergent","4","false","C00","TOTAL CPC","0","0","TOTAL MOT","8","kg","3352.612","false","8","kg","3352.612","false","3352.612","false","0","false","0","11233.56","11233.56","0","false","true",
"C","A","20200101","2020","52","2020","643","RUS","Russian Federation","X","Export","795","TKM","Turkmenistan","0","W00","World","H5","HS","true","3401","Soap; organic surface-active preparations used as soap, skin washing, in bars, cakes, moulded pieces, shapes, liquid or cream, containing soap or not; for retail, paper, wadding, felt and nonwovens, impregnated, coated or covered with soap or detergent","4","false","C00","TOTAL CPC","0","0","TOTAL MOT","8","kg","620602.702","false","8","kg","620602.702","false","620602.702","false","0","false","0","939258.76","939258.76","0","false","true",
"C","A","20200101","2020","52","2020","643","RUS","Russian Federation","X","Export","804","UKR","Ukraine","0","W00","World","H5","HS","true","3401","Soap; organic surface-active preparations used as soap, skin washing, in bars, cakes, moulded pieces, shapes, liquid or cream, containing soap or not; for retail, paper, wadding, felt and nonwovens, impregnated, coated or covered with soap or detergent","4","false","C00","TOTAL CPC","0","0","TOTAL MOT","8","kg","6875820.484","false","8","kg","6875820.484","false","6875820.484","false","0","false","0","9433493.54","9433493.54","0","false","true",
"C","A","20200101","2020","52","2020","643","RUS","Russian Federation","X","Export","807","MKD","North Macedonia","0","W00","World","H5","HS","true","3401","Soap; organic surface-active preparations used as soap, skin washing, in bars, cakes, moulded pieces, shapes, liquid or cream, containing soap or not; for retail, paper, wadding, felt and nonwovens, impregnated, coated or covered with soap or detergent","4","false","C00","TOTAL CPC","0","0","TOTAL MOT","8","kg","387.15","false","8","kg","387.15","false","387.15","false","0","false","0","2441.47","2441.47","0","false","true",
"C","A","20200101","2020","52","2020","643","RUS","Russian Federation","X","Export","818","EGY","Egypt","0","W00","World","H5","HS","true","3401","Soap; organic surface-active preparations used as soap, skin washing, in bars, cakes, moulded pieces, shapes, liquid or cream, containing soap or not; for retail, paper, wadding, felt and nonwovens, impregnated, coated or covered with soap or detergent","4","false","C00","TOTAL CPC","0","0","TOTAL MOT","8","kg","8","false","8","kg","8","false","8","false","0","false","0","19.4","19.4","0","false","true",
"C","A","20200101","2020","52","2020","643","RUS","Russian Federation","X","Export","826","GBR","United Kingdom","0","W00","World","H5","HS","true","3401","Soap; organic surface-active preparations used as soap, skin washing, in bars, cakes, moulded pieces, shapes, liquid or cream, containing soap or not; for retail, paper, wadding, felt and nonwovens, impregnated, coated or covered with soap or detergent","4","false","C00","TOTAL CPC","0","0","TOTAL MOT","8","kg","59808.67","false","8","kg","59808.67","false","59808.67","false","0","false","0","57449.8","57449.8","0","false","true",
"C","A","20200101","2020","52","2020","643","RUS","Russian Federation","X","Export","842","USA","USA","0","W00","World","H5","HS","true","3401","Soap; organic surface-active preparations used as soap, skin washing, in bars, cakes, moulded pieces, shapes, liquid or cream, containing soap or not; for retail, paper, wadding, felt and nonwovens, impregnated, coated or covered with soap or detergent","4","false","C00","TOTAL CPC","0","0","TOTAL MOT","8","kg","113681.286","false","8","kg","113681.286","false","113681.286","false","0","false","0","174343.86","174343.86","0","false","true",
"C","A","20200101","2020","52","2020","643","RUS","Russian Federation","X","Export","860","UZB","Uzbekistan","0","W00","World","H5","HS","true","3401","Soap; organic surface-active preparations used as soap, skin washing, in bars, cakes, moulded pieces, shapes, liquid or cream, containing soap or not; for retail, paper, wadding, felt and nonwovens, impregnated, coated or covered with soap or detergent","4","false","C00","TOTAL CPC","0","0","TOTAL MOT","8","kg","4884443.384","false","8","kg","4884443.384","false","4884443.384","false","0","false","0","9369649.72","9369649.72","0","false","true",
"C","A","20200101","2020","52","2020","643","RUS","Russian Federation","X","Export","899","_X ","Areas, nes","0","W00","World","H5","HS","true","3401","Soap; organic surface-active preparations used as soap, skin washing, in bars, cakes, moulded pieces, shapes, liquid or cream, containing soap or not; for retail, paper, wadding, felt and nonwovens, impregnated, coated or covered with soap or detergent","4","false","C00","TOTAL CPC","0","0","TOTAL MOT","8","kg","427868.628","false","8","kg","427868.628","false","427868.628","false","0","false","0","656210.22","656210.22","0","false","true",
"C","A","20210101","2021","52","2021","643","RUS","Russian Federation","X","Export","0","W00","World","0","W00","World","H5","HS","true","3401","Soap; organic surface-active preparations used as soap, skin washing, in bars, cakes, moulded pieces, shapes, liquid or cream, containing soap or not; for retail, paper, wadding, felt and nonwovens, impregnated, coated or covered with soap or detergent","4","false","C00","TOTAL CPC","0","0","TOTAL MOT","8","kg","98494302.108","true","-1","N/A","0","false","98494302.108","true","0","false","0","144673496.503","144673496.503","6","false","true",
"C","A","20210101","2021","52","2021","643","RUS","Russian Federation","X","Export","4","AFG","Afghanistan","0","W00","World","H5","HS","true","3401","Soap; organic surface-active preparations used as soap, skin washing, in bars, cakes, moulded pieces, shapes, liquid or cream, containing soap or not; for retail, paper, wadding, felt and nonwovens, impregnated, coated or covered with soap or detergent","4","false","C00","TOTAL CPC","0","0","TOTAL MOT","8","kg","2350","false","8","kg","2350","false","2350","false","0","false","0","12862.82","12862.82","0","false","true",
"C","A","20210101","2021","52","2021","643","RUS","Russian Federation","X","Export","12","DZA","Algeria","0","W00","World","H5","HS","true","3401","Soap; organic surface-active preparations used as soap, skin washing, in bars, cakes, moulded pieces, shapes, liquid or cream, containing soap or not; for retail, paper, wadding, felt and nonwovens, impregnated, coated or covered with soap or detergent","4","false","C00","TOTAL CPC","0","0","TOTAL MOT","8","kg","4","false","8","kg","4","false","4","false","0","false","0","20","20","0","false","true",
"C","A","20210101","2021","52","2021","643","RUS","Russian Federation","X","Export","31","AZE","Azerbaijan","0","W00","World","H5","HS","true","3401","Soap; organic surface-active preparations used as soap, skin washing, in bars, cakes, moulded pieces, shapes, liquid or cream, containing soap or not; for retail, paper, wadding, felt and nonwovens, impregnated, coated or covered with soap or detergent","4","false","C00","TOTAL CPC","0","0","TOTAL MOT","8","kg","2756110.264","false","8","kg","2756110.264","false","2756110.264","false","0","false","0","4566904.52","4566904.52","0","false","true",
"C","A","20210101","2021","52","2021","643","RUS","Russian Federation","X","Export","36","AUS","Australia","0","W00","World","H5","HS","true","3401","Soap; organic surface-active preparations used as soap, skin washing, in bars, cakes, moulded pieces, shapes, liquid or cream, containing soap or not; for retail, paper, wadding, felt and nonwovens, impregnated, coated or covered with soap or detergent","4","false","C00","TOTAL CPC","0","0","TOTAL MOT","8","kg","421.53","false","8","kg","421.53","false","421.53","false","0","false","0","18103.99","18103.99","0","false","true",
"C","A","20210101","2021","52","2021","643","RUS","Russian Federation","X","Export","40","AUT","Austria","0","W00","World","H5","HS","true","3401","Soap; organic surface-active preparations used as soap, skin washing, in bars, cakes, moulded pieces, shapes, liquid or cream, containing soap or not; for retail, paper, wadding, felt and nonwovens, impregnated, coated or covered with soap or detergent","4","false","C00","TOTAL CPC","0","0","TOTAL MOT","8","kg","0.35","false","8","kg","0.35","false","0.35","false","0","false","0","72.91","72.91","0","false","true",
"C","A","20210101","2021","52","2021","643","RUS","Russian Federation","X","Export","44","BHS","Bahamas","0","W00","World","H5","HS","true","3401","Soap; organic surface-active preparations used as soap, skin washing, in bars, cakes, moulded pieces, shapes, liquid or cream, containing soap or not; for retail, paper, wadding, felt and nonwovens, impregnated, coated or covered with soap or detergent","4","false","C00","TOTAL CPC","0","0","TOTAL MOT","8","kg","2","false","8","kg","2","false","2","false","0","false","0","49","49","0","false","true",
"C","A","20210101","2021","52","2021","643","RUS","Russian Federation","X","Export","50","BGD","Bangladesh","0","W00","World","H5","HS","true","3401","Soap; organic surface-active preparations used as soap, skin washing, in bars, cakes, moulded pieces, shapes, liquid or cream, containing soap or not; for retail, paper, wadding, felt and nonwovens, impregnated, coated or covered with soap or detergent","4","false","C00","TOTAL CPC","0","0","TOTAL MOT","8","kg","34220.25","false","8","kg","34220.25","false","34220.25","false","0","false","0","102514.5","102514.5","0","false","true",
"C","A","20210101","2021","52","2021","643","RUS","Russian Federation","X","Export","51","ARM","Armenia","0","W00","World","H5","HS","true","3401","Soap; organic surface-active preparations used as soap, skin washing, in bars, cakes, moulded pieces, shapes, liquid or cream, containing soap or not; for retail, paper, wadding, felt and nonwovens, impregnated, coated or covered with soap or detergent","4","false","C00","TOTAL CPC","0","0","TOTAL MOT","8","kg","2214616.254","false","8","kg","2214616.254","false","2214616.254","false","0","false","0","3723379.561","3723379.561","0","false","true",
"C","A","20210101","2021","52","2021","643","RUS","Russian Federation","X","Export","56","BEL","Belgium","0","W00","World","H5","HS","true","3401","Soap; organic surface-active preparations used as soap, skin washing, in bars, cakes, moulded pieces, shapes, liquid or cream, containing soap or not; for retail, paper, wadding, felt and nonwovens, impregnated, coated or covered with soap or detergent","4","false","C00","TOTAL CPC","0","0","TOTAL MOT","8","kg","671.942","false","8","kg","671.942","false","671.942","false","0","false","0","2117.63","2117.63","0","false","true",
"C","A","20210101","2021","52","2021","643","RUS","Russian Federation","X","Export","70","BIH","Bosnia Herzegovina","0","W00","World","H5","HS","true","3401","Soap; organic surface-active preparations used as soap, skin washing, in bars, cakes, moulded pieces, shapes, liquid or cream, containing soap or not; for retail, paper, wadding, felt and nonwovens, impregnated, coated or covered with soap or detergent","4","false","C00","TOTAL CPC","0","0","TOTAL MOT","8","kg","1699.71","false","8","kg","1699.71","false","1699.71","false","0","false","0","1034.49","1034.49","0","false","true",
"C","A","20210101","2021","52","2021","643","RUS","Russian Federation","X","Export","100","BGR","Bulgaria","0","W00","World","H5","HS","true","3401","Soap; organic surface-active preparations used as soap, skin washing, in bars, cakes, moulded pieces, shapes, liquid or cream, containing soap or not; for retail, paper, wadding, felt and nonwovens, impregnated, coated or covered with soap or detergent","4","false","C00","TOTAL CPC","0","0","TOTAL MOT","8","kg","689.1","false","8","kg","689.1","false","689.1","false","0","false","0","4789.72","4789.72","0","false","true",
"C","A","20210101","2021","52","2021","643","RUS","Russian Federation","X","Export","112","BLR","Belarus","0","W00","World","H5","HS","true","3401","Soap; organic surface-active preparations used as soap, skin washing, in bars, cakes, moulded pieces, shapes, liquid or cream, containing soap or not; for retail, paper, wadding, felt and nonwovens, impregnated, coated or covered with soap or detergent","4","false","C00","TOTAL CPC","0","0","TOTAL MOT","8","kg","14311388.249","false","8","kg","14311388.249","false","14311388.249","false","0","false","0","26057039.748","26057039.748","0","false","true",
"C","A","20210101","2021","52","2021","643","RUS","Russian Federation","X","Export","124","CAN","Canada","0","W00","World","H5","HS","true","3401","Soap; organic surface-active preparations used as soap, skin washing, in bars, cakes, moulded pieces, shapes, liquid or cream, containing soap or not; for retail, paper, wadding, felt and nonwovens, impregnated, coated or covered with soap or detergent","4","false","C00","TOTAL CPC","0","0","TOTAL MOT","8","kg","91.145","false","8","kg","91.145","false","91.145","false","0","false","0","1987.93","1987.93","0","false","true",
"C","A","20210101","2021","52","2021","643","RUS","Russian Federation","X","Export","152","CHL","Chile","0","W00","World","H5","HS","true","3401","Soap; organic surface-active preparations used as soap, skin washing, in bars, cakes, moulded pieces, shapes, liquid or cream, containing soap or not; for retail, paper, wadding, felt and nonwovens, impregnated, coated or covered with soap or detergent","4","false","C00","TOTAL CPC","0","0","TOTAL MOT","8","kg","2147.12","false","8","kg","2147.12","false","2147.12","false","0","false","0","6284.22","6284.22","0","false","true",
"C","A","20210101","2021","52","2021","643","RUS","Russian Federation","X","Export","156","CHN","China","0","W00","World","H5","HS","true","3401","Soap; organic surface-active preparations used as soap, skin washing, in bars, cakes, moulded pieces, shapes, liquid or cream, containing soap or not; for retail, paper, wadding, felt and nonwovens, impregnated, coated or covered with soap or detergent","4","false","C00","TOTAL CPC","0","0","TOTAL MOT","8","kg","440395.716","false","8","kg","440395.716","false","440395.716","false","0","false","0","840318.99","840318.99","0","false","true",
"C","A","20210101","2021","52","2021","643","RUS","Russian Federation","X","Export","188","CRI","Costa Rica","0","W00","World","H5","HS","true","3401","Soap; organic surface-active preparations used as soap, skin washing, in bars, cakes, moulded pieces, shapes, liquid or cream, containing soap or not; for retail, paper, wadding, felt and nonwovens, impregnated, coated or covered with soap or detergent","4","false","C00","TOTAL CPC","0","0","TOTAL MOT","8","kg","41.6","false","8","kg","41.6","false","41.6","false","0","false","0","515.39","515.39","0","false","true",
"C","A","20210101","2021","52","2021","643","RUS","Russian Federation","X","Export","191","HRV","Croatia","0","W00","World","H5","HS","true","3401","Soap; organic surface-active preparations used as soap, skin washing, in bars, cakes, moulded pieces, shapes, liquid or cream, containing soap or not; for retail, paper, wadding, felt and nonwovens, impregnated, coated or covered with soap or detergent","4","false","C00","TOTAL CPC","0","0","TOTAL MOT","8","kg","21.5","false","8","kg","21.5","false","21.5","false","0","false","0","15.72","15.72","0","false","true",
"C","A","20210101","2021","52","2021","643","RUS","Russian Federation","X","Export","196","CYP","Cyprus","0","W00","World","H5","HS","true","3401","Soap; organic surface-active preparations used as soap, skin washing, in bars, cakes, moulded pieces, shapes, liquid or cream, containing soap or not; for retail, paper, wadding, felt and nonwovens, impregnated, coated or covered with soap or detergent","4","false","C00","TOTAL CPC","0","0","TOTAL MOT","8","kg","350.622","false","8","kg","350.622","false","350.622","false","0","false","0","1013.09","1013.09","0","false","true",
"C","A","20210101","2021","52","2021","643","RUS","Russian Federation","X","Export","203","CZE","Czechia","0","W00","World","H5","HS","true","3401","Soap; organic surface-active preparations used as soap, skin washing, in bars, cakes, moulded pieces, shapes, liquid or cream, containing soap or not; for retail, paper, wadding, felt and nonwovens, impregnated, coated or covered with soap or detergent","4","false","C00","TOTAL CPC","0","0","TOTAL MOT","8","kg","84957.917","false","8","kg","84957.917","false","84957.917","false","0","false","0","235044.76","235044.76","0","false","true",
"C","A","20210101","2021","52","2021","643","RUS","Russian Federation","X","Export","208","DNK","Denmark","0","W00","World","H5","HS","true","3401","Soap; organic surface-active preparations used as soap, skin washing, in bars, cakes, moulded pieces, shapes, liquid or cream, containing soap or not; for retail, paper, wadding, felt and nonwovens, impregnated, coated or covered with soap or detergent","4","false","C00","TOTAL CPC","0","0","TOTAL MOT","8","kg","27","false","8","kg","27","false","27","false","0","false","0","3135.82","3135.82","0","false","true",
"C","A","20210101","2021","52","2021","643","RUS","Russian Federation","X","Export","218","ECU","Ecuador","0","W00","World","H5","HS","true","3401","Soap; organic surface-active preparations used as soap, skin washing, in bars, cakes, moulded pieces, shapes, liquid or cream, containing soap or not; for retail, paper, wadding, felt and nonwovens, impregnated, coated or covered with soap or detergent","4","false","C00","TOTAL CPC","0","0","TOTAL MOT","8","kg","16.5","false","8","kg","16.5","false","16.5","false","0","false","0","59.22","59.22","0","false","true",
"C","A","20210101","2021","52","2021","643","RUS","Russian Federation","X","Export","233","EST","Estonia","0","W00","World","H5","HS","true","3401","Soap; organic surface-active preparations used as soap, skin washing, in bars, cakes, moulded pieces, shapes, liquid or cream, containing soap or not; for retail, paper, wadding, felt and nonwovens, impregnated, coated or covered with soap or detergent","4","false","C00","TOTAL CPC","0","0","TOTAL MOT","8","kg","125330.93","false","8","kg","125330.93","false","125330.93","false","0","false","0","209363.96","209363.96","0","false","true",
"C","A","20210101","2021","52","2021","643","RUS","Russian Federation","X","Export","246","FIN","Finland","0","W00","World","H5","HS","true","3401","Soap; organic surface-active preparations used as soap, skin washing, in bars, cakes, moulded pieces, shapes, liquid or cream, containing soap or not; for retail, paper, wadding, felt and nonwovens, impregnated, coated or covered with soap or detergent","4","false","C00","TOTAL CPC","0","0","TOTAL MOT","8","kg","1657.735","false","8","kg","1657.735","false","1657.735","false","0","false","0","14485.76","14485.76","0","false","true",
"C","A","20210101","2021","52","2021","643","RUS","Russian Federation","X","Export","251","FRA","France","0","W00","World","H5","HS","true","3401","Soap; organic surface-active preparations used as soap, skin washing, in bars, cakes, moulded pieces, shapes, liquid or cream, containing soap or not; for retail, paper, wadding, felt and nonwovens, impregnated, coated or covered with soap or detergent","4","false","C00","TOTAL CPC","0","0","TOTAL MOT","8","kg","34056.552","false","8","kg","34056.552","false","34056.552","false","0","false","0","32131.48","32131.48","0","false","true",
"C","A","20210101","2021","52","2021","643","RUS","Russian Federation","X","Export","268","GEO","Georgia","0","W00","World","H5","HS","true","3401","Soap; organic surface-active preparations used as soap, skin washing, in bars, cakes, moulded pieces, shapes, liquid or cream, containing soap or not; for retail, paper, wadding, felt and nonwovens, impregnated, coated or covered with soap or detergent","4","false","C00","TOTAL CPC","0","0","TOTAL MOT","8","kg","2029864.043","false","8","kg","2029864.043","false","2029864.043","false","0","false","0","3821108","3821108","0","false","true",
"C","A","20210101","2021","52","2021","643","RUS","Russian Federation","X","Export","276","DEU","Germany","0","W00","World","H5","HS","true","3401","Soap; organic surface-active preparations used as soap, skin washing, in bars, cakes, moulded pieces, shapes, liquid or cream, containing soap or not; for retail, paper, wadding, felt and nonwovens, impregnated, coated or covered with soap or detergent","4","false","C00","TOTAL CPC","0","0","TOTAL MOT","8","kg","195853.908","false","8","kg","195853.908","false","195853.908","false","0","false","0","463455.19","463455.19","0","false","true",
"C","A","20210101","2021","52","2021","643","RUS","Russian Federation","X","Export","300","GRC","Greece","0","W00","World","H5","HS","true","3401","Soap; organic surface-active preparations used as soap, skin washing, in bars, cakes, moulded pieces, shapes, liquid or cream, containing soap or not; for retail, paper, wadding, felt and nonwovens, impregnated, coated or covered with soap or detergent","4","false","C00","TOTAL CPC","0","0","TOTAL MOT","8","kg","3256.1","false","8","kg","3256.1","false","3256.1","false","0","false","0","5453.56","5453.56","0","false","true",
"C","A","20210101","2021","52","2021","643","RUS","Russian Federation","X","Export","320","GTM","Guatemala","0","W00","World","H5","HS","true","3401","Soap; organic surface-active preparations used as soap, skin washing, in bars, cakes, moulded pieces, shapes, liquid or cream, containing soap or not; for retail, paper, wadding, felt and nonwovens, impregnated, coated or covered with soap or detergent","4","false","C00","TOTAL CPC","0","0","TOTAL MOT","8","kg","0.88","false","8","kg","0.88","false","0.88","false","0","false","0","138","138","0","false","true",
"C","A","20210101","2021","52","2021","643","RUS","Russian Federation","X","Export","324","GIN","Guinea","0","W00","World","H5","HS","true","3401","Soap; organic surface-active preparations used as soap, skin washing, in bars, cakes, moulded pieces, shapes, liquid or cream, containing soap or not; for retail, paper, wadding, felt and nonwovens, impregnated, coated or covered with soap or detergent","4","false","C00","TOTAL CPC","0","0","TOTAL MOT","8","kg","2644","false","8","kg","2644","false","2644","false","0","false","0","8040","8040","0","false","true",
"C","A","20210101","2021","52","2021","643","RUS","Russian Federation","X","Export","344","HKG","China, Hong Kong SAR","0","W00","World","H5","HS","true","3401","Soap; organic surface-active preparations used as soap, skin washing, in bars, cakes, moulded pieces, shapes, liquid or cream, containing soap or not; for retail, paper, wadding, felt and nonwovens, impregnated, coated or covered with soap or detergent","4","false","C00","TOTAL CPC","0","0","TOTAL MOT","8","kg","33797.064","false","8","kg","33797.064","false","33797.064","false","0","false","0","248752.34","248752.34","0","false","true",
"C","A","20210101","2021","52","2021","643","RUS","Russian Federation","X","Export","348","HUN","Hungary","0","W00","World","H5","HS","true","3401","Soap; organic surface-active preparations used as soap, skin washing, in bars, cakes, moulded pieces, shapes, liquid or cream, containing soap or not; for retail, paper, wadding, felt and nonwovens, impregnated, coated or covered with soap or detergent","4","false","C00","TOTAL CPC","0","0","TOTAL MOT","8","kg","301.215","false","8","kg","301.215","false","301.215","false","0","false","0","1362.74","1362.74","0","false","true",
"C","A","20210101","2021","52","2021","643","RUS","Russian Federation","X","Export","360","IDN","Indonesia","0","W00","World","H5","HS","true","3401","Soap; organic surface-active preparations used as soap, skin washing, in bars, cakes, moulded pieces, shapes, liquid or cream, containing soap or not; for retail, paper, wadding, felt and nonwovens, impregnated, coated or covered with soap or detergent","4","false","C00","TOTAL CPC","0","0","TOTAL MOT","8","kg","0.3","false","8","kg","0.3","false","0.3","false","0","false","0","2.94","2.94","0","false","true",
"C","A","20210101","2021","52","2021","643","RUS","Russian Federation","X","Export","368","IRQ","Iraq","0","W00","World","H5","HS","true","3401","Soap; organic surface-active preparations used as soap, skin washing, in bars, cakes, moulded pieces, shapes, liquid or cream, containing soap or not; for retail, paper, wadding, felt and nonwovens, impregnated, coated or covered with soap or detergent","4","false","C00","TOTAL CPC","0","0","TOTAL MOT","8","kg","2963.11","false","8","kg","2963.11","false","2963.11","false","0","false","0","6988.19","6988.19","0","false","true",
"C","A","20210101","2021","52","2021","643","RUS","Russian Federation","X","Export","376","ISR","Israel","0","W00","World","H5","HS","true","3401","Soap; organic surface-active preparations used as soap, skin washing, in bars, cakes, moulded pieces, shapes, liquid or cream, containing soap or not; for retail, paper, wadding, felt and nonwovens, impregnated, coated or covered with soap or detergent","4","false","C00","TOTAL CPC","0","0","TOTAL MOT","8","kg","5473.48","false","8","kg","5473.48","false","5473.48","false","0","false","0","12486.15","12486.15","0","false","true",
"C","A","20210101","2021","52","2021","643","RUS","Russian Federation","X","Export","380","ITA","Italy","0","W00","World","H5","HS","true","3401","Soap; organic surface-active preparations used as soap, skin washing, in bars, cakes, moulded pieces, shapes, liquid or cream, containing soap or not; for retail, paper, wadding, felt and nonwovens, impregnated, coated or covered with soap or detergent","4","false","C00","TOTAL CPC","0","0","TOTAL MOT","8","kg","463844.19","false","8","kg","463844.19","false","463844.19","false","0","false","0","578249.91","578249.91","0","false","true",
"C","A","20210101","2021","52","2021","643","RUS","Russian Federation","X","Export","392","JPN","Japan","0","W00","World","H5","HS","true","3401","Soap; organic surface-active preparations used as soap, skin washing, in bars, cakes, moulded pieces, shapes, liquid or cream, containing soap or not; for retail, paper, wadding, felt and nonwovens, impregnated, coated or covered with soap or detergent","4","false","C00","TOTAL CPC","0","0","TOTAL MOT","8","kg","791.372","false","8","kg","791.372","false","791.372","false","0","false","0","21147.21","21147.21","0","false","true",
"C","A","20210101","2021","52","2021","643","RUS","Russian Federation","X","Export","398","KAZ","Kazakhstan","0","W00","World","H5","HS","true","3401","Soap; organic surface-active preparations used as soap, skin washing, in bars, cakes, moulded pieces, shapes, liquid or cream, containing soap or not; for retail, paper, wadding, felt and nonwovens, impregnated, coated or covered with soap or detergent","4","false","C00","TOTAL CPC","0","0","TOTAL MOT","8","kg","35352982.701","false","8","kg","35352982.701","false","35352982.701","false","0","false","0","45344729.655","45344729.655","0","false","true",
"C","A","20210101","2021","52","2021","643","RUS","Russian Federation","X","Export","400","JOR","Jordan","0","W00","World","H5","HS","true","3401","Soap; organic surface-active preparations used as soap, skin washing, in bars, cakes, moulded pieces, shapes, liquid or cream, containing soap or not; for retail, paper, wadding, felt and nonwovens, impregnated, coated or covered with soap or detergent","4","false","C00","TOTAL CPC","0","0","TOTAL MOT","8","kg","311","false","8","kg","311","false","311","false","0","false","0","719.4","719.4","0","false","true",
"C","A","20210101","2021","52","2021","643","RUS","Russian Federation","X","Export","410","KOR","Rep. of Korea","0","W00","World","H5","HS","true","3401","Soap; organic surface-active preparations used as soap, skin washing, in bars, cakes, moulded pieces, shapes, liquid or cream, containing soap or not; for retail, paper, wadding, felt and nonwovens, impregnated, coated or covered with soap or detergent","4","false","C00","TOTAL CPC","0","0","TOTAL MOT","8","kg","11546.01","false","8","kg","11546.01","false","11546.01","false","0","false","0","80842.26","80842.26","0","false","true",
"C","A","20210101","2021","52","2021","643","RUS","Russian Federation","X","Export","414","KWT","Kuwait","0","W00","World","H5","HS","true","3401","Soap; organic surface-active preparations used as soap, skin washing, in bars, cakes, moulded pieces, shapes, liquid or cream, containing soap or not; for retail, paper, wadding, felt and nonwovens, impregnated, coated or covered with soap or detergent","4","false","C00","TOTAL CPC","0","0","TOTAL MOT","8","kg","109.992","false","8","kg","109.992","false","109.992","false","0","false","0","2206.94","2206.94","0","false","true",
"C","A","20210101","2021","52","2021","643","RUS","Russian Federation","X","Export","417","KGZ","Kyrgyzstan","0","W00","World","H5","HS","true","3401","Soap; organic surface-active preparations used as soap, skin washing, in bars, cakes, moulded pieces, shapes, liquid or cream, containing soap or not; for retail, paper, wadding, felt and nonwovens, impregnated, coated or covered with soap or detergent","4","false","C00","TOTAL CPC","0","0","TOTAL MOT","8","kg","7655477.578","true","-1","N/A","0","false","7655477.578","true","0","false","0","9064048.44","9064048.44","6","false","true",
"C","A","20210101","2021","52","2021","643","RUS","Russian Federation","X","Export","418","LAO","Lao People's Dem. Rep.","0","W00","World","H5","HS","true","3401","Soap; organic surface-active preparations used as soap, skin washing, in bars, cakes, moulded pieces, shapes, liquid or cream, containing soap or not; for retail, paper, wadding, felt and nonwovens, impregnated, coated or covered with soap or detergent","4","false","C00","TOTAL CPC","0","0","TOTAL MOT","8","kg","10680","false","8","kg","10680","false","10680","false","0","false","0","13140","13140","0","false","true",
"C","A","20210101","2021","52","2021","643","RUS","Russian Federation","X","Export","428","LVA","Latvia","0","W00","World","H5","HS","true","3401","Soap; organic surface-active preparations used as soap, skin washing, in bars, cakes, moulded pieces, shapes, liquid or cream, containing soap or not; for retail, paper, wadding, felt and nonwovens, impregnated, coated or covered with soap or detergent","4","false","C00","TOTAL CPC","0","0","TOTAL MOT","8","kg","1170177.634","false","8","kg","1170177.634","false","1170177.634","false","0","false","0","2516434.69","2516434.69","0","false","true",
"C","A","20210101","2021","52","2021","643","RUS","Russian Federation","X","Export","430","LBR","Liberia","0","W00","World","H5","HS","true","3401","Soap; organic surface-active preparations used as soap, skin washing, in bars, cakes, moulded pieces, shapes, liquid or cream, containing soap or not; for retail, paper, wadding, felt and nonwovens, impregnated, coated or covered with soap or detergent","4","false","C00","TOTAL CPC","0","0","TOTAL MOT","8","kg","150.8","false","8","kg","150.8","false","150.8","false","0","false","0","577.58","577.58","0","false","true",
"C","A","20210101","2021","52","2021","643","RUS","Russian Federation","X","Export","434","LBY","Libya","0","W00","World","H5","HS","true","3401","Soap; organic surface-active preparations used as soap, skin washing, in bars, cakes, moulded pieces, shapes, liquid or cream, containing soap or not; for retail, paper, wadding, felt and nonwovens, impregnated, coated or covered with soap or detergent","4","false","C00","TOTAL CPC","0","0","TOTAL MOT","8","kg","401.28","false","8","kg","401.28","false","401.28","false","0","false","0","799.49","799.49","0","false","true",
"C","A","20210101","2021","52","2021","643","RUS","Russian Federation","X","Export","440","LTU","Lithuania","0","W00","World","H5","HS","true","3401","Soap; organic surface-active preparations used as soap, skin washing, in bars, cakes, moulded pieces, shapes, liquid or cream, containing soap or not; for retail, paper, wadding, felt and nonwovens, impregnated, coated or covered with soap or detergent","4","false","C00","TOTAL CPC","0","0","TOTAL MOT","8","kg","1244673.212","false","8","kg","1244673.212","false","1244673.212","false","0","false","0","2448055.41","2448055.41","0","false","true",
"C","A","20210101","2021","52","2021","643","RUS","Russian Federation","X","Export","458","MYS","Malaysia","0","W00","World","H5","HS","true","3401","Soap; organic surface-active preparations used as soap, skin washing, in bars, cakes, moulded pieces, shapes, liquid or cream, containing soap or not; for retail, paper, wadding, felt and nonwovens, impregnated, coated or covered with soap or detergent","4","false","C00","TOTAL CPC","0","0","TOTAL MOT","8","kg","892.462","false","8","kg","892.462","false","892.462","false","0","false","0","2470","2470","0","false","true",
"C","A","20210101","2021","52","2021","643","RUS","Russian Federation","X","Export","484","MEX","Mexico","0","W00","World","H5","HS","true","3401","Soap; organic surface-active preparations used as soap, skin washing, in bars, cakes, moulded pieces, shapes, liquid or cream, containing soap or not; for retail, paper, wadding, felt and nonwovens, impregnated, coated or covered with soap or detergent","4","false","C00","TOTAL CPC","0","0","TOTAL MOT","8","kg","115.81","false","8","kg","115.81","false","115.81","false","0","false","0","575.97","575.97","0","false","true",
"C","A","20210101","2021","52","2021","643","RUS","Russian Federation","X","Export","490","S19","Other Asia, nes","0","W00","World","H5","HS","true","3401","Soap; organic surface-active preparations used as soap, skin washing, in bars, cakes, moulded pieces, shapes, liquid or cream, containing soap or not; for retail, paper, wadding, felt and nonwovens, impregnated, coated or covered with soap or detergent","4","false","C00","TOTAL CPC","0","0","TOTAL MOT","8","kg","6952.37","false","8","kg","6952.37","false","6952.37","false","0","false","0","21313.6","21313.6","0","false","true",
"C","A","20210101","2021","52","2021","643","RUS","Russian Federation","X","Export","496","MNG","Mongolia","0","W00","World","H5","HS","true","3401","Soap; organic surface-active preparations used as soap, skin washing, in bars, cakes, moulded pieces, shapes, liquid or cream, containing soap or not; for retail, paper, wadding, felt and nonwovens, impregnated, coated or covered with soap or detergent","4","false","C00","TOTAL CPC","0","0","TOTAL MOT","8","kg","1781200.932","false","8","kg","1781200.932","false","1781200.932","false","0","false","0","3423245.28","3423245.28","0","false","true",
"C","A","20210101","2021","52","2021","643","RUS","Russian Federation","X","Export","498","MDA","Rep. of Moldova","0","W00","World","H5","HS","true","3401","Soap; organic surface-active preparations used as soap, skin washing, in bars, cakes, moulded pieces, shapes, liquid or cream, containing soap or not; for retail, paper, wadding, felt and nonwovens, impregnated, coated or covered with soap or detergent","4","false","C00","TOTAL CPC","0","0","TOTAL MOT","8","kg","813054.054","false","8","kg","813054.054","false","813054.054","false","0","false","0","1419023.06","1419023.06","0","false","true",
"C","A","20210101","2021","52","2021","643","RUS","Russian Federation","X","Export","499","MNE","Montenegro","0","W00","World","H5","HS","true","3401","Soap; organic surface-active preparations used as soap, skin washing, in bars, cakes, moulded pieces, shapes, liquid or cream, containing soap or not; for retail, paper, wadding, felt and nonwovens, impregnated, coated or covered with soap or detergent","4","false","C00","TOTAL CPC","0","0","TOTAL MOT","8","kg","816.364","false","8","kg","816.364","false","816.364","false","0","false","0","2058.5","2058.5","0","false","true",
"C","A","20210101","2021","52","2021","643","RUS","Russian Federation","X","Export","528","NLD","Netherlands","0","W00","World","H5","HS","true","3401","Soap; organic surface-active preparations used as soap, skin washing, in bars, cakes, moulded pieces, shapes, liquid or cream, containing soap or not; for retail, paper, wadding, felt and nonwovens, impregnated, coated or covered with soap or detergent","4","false","C00","TOTAL CPC","0","0","TOTAL MOT","8","kg","2159372.099","false","8","kg","2159372.099","false","2159372.099","false","0","false","0","2290695.1","2290695.1","0","false","true",
"C","A","20210101","2021","52","2021","643","RUS","Russian Federation","X","Export","554","NZL","New Zealand","0","W00","World","H5","HS","true","3401","Soap; organic surface-active preparations used as soap, skin washing, in bars, cakes, moulded pieces, shapes, liquid or cream, containing soap or not; for retail, paper, wadding, felt and nonwovens, impregnated, coated or covered with soap or detergent","4","false","C00","TOTAL CPC","0","0","TOTAL MOT","8","kg","167.1","false","8","kg","167.1","false","167.1","false","0","false","0","546.62","546.62","0","false","true",
"C","A","20210101","2021","52","2021","643","RUS","Russian Federation","X","Export","566","NGA","Nigeria","0","W00","World","H5","HS","true","3401","Soap; organic surface-active preparations used as soap, skin washing, in bars, cakes, moulded pieces, shapes, liquid or cream, containing soap or not; for retail, paper, wadding, felt and nonwovens, impregnated, coated or covered with soap or detergent","4","false","C00","TOTAL CPC","0","0","TOTAL MOT","8","kg","2.1","false","8","kg","2.1","false","2.1","false","0","false","0","2","2","0","false","true",
"C","A","20210101","2021","52","2021","643","RUS","Russian Federation","X","Export","579","NOR","Norway","0","W00","World","H5","HS","true","3401","Soap; organic surface-active preparations used as soap, skin washing, in bars, cakes, moulded pieces, shapes, liquid or cream, containing soap or not; for retail, paper, wadding, felt and nonwovens, impregnated, coated or covered with soap or detergent","4","false","C00","TOTAL CPC","0","0","TOTAL MOT","8","kg","141.79","false","8","kg","141.79","false","141.79","false","0","false","0","3924.2","3924.2","0","false","true",
"C","A","20210101","2021","52","2021","643","RUS","Russian Federation","X","Export","591","PAN","Panama","0","W00","World","H5","HS","true","3401","Soap; organic surface-active preparations used as soap, skin washing, in bars, cakes, moulded pieces, shapes, liquid or cream, containing soap or not; for retail, paper, wadding, felt and nonwovens, impregnated, coated or covered with soap or detergent","4","false","C00","TOTAL CPC","0","0","TOTAL MOT","8","kg","39","false","8","kg","39","false","39","false","0","false","0","256.3","256.3","0","false","true",
"C","A","20210101","2021","52","2021","643","RUS","Russian Federation","X","Export","616","POL","Poland","0","W00","World","H5","HS","true","3401","Soap; organic surface-active preparations used as soap, skin washing, in bars, cakes, moulded pieces, shapes, liquid or cream, containing soap or not; for retail, paper, wadding, felt and nonwovens, impregnated, coated or covered with soap or detergent","4","false","C00","TOTAL CPC","0","0","TOTAL MOT","8","kg","1417200.776","false","8","kg","1417200.776","false","1417200.776","false","0","false","0","2290630.75","2290630.75","0","false","true",
"C","A","20210101","2021","52","2021","643","RUS","Russian Federation","X","Export","620","PRT","Portugal","0","W00","World","H5","HS","true","3401","Soap; organic surface-active preparations used as soap, skin washing, in bars, cakes, moulded pieces, shapes, liquid or cream, containing soap or not; for retail, paper, wadding, felt and nonwovens, impregnated, coated or covered with soap or detergent","4","false","C00","TOTAL CPC","0","0","TOTAL MOT","8","kg","2.7","false","8","kg","2.7","false","2.7","false","0","false","0","18.77","18.77","0","false","true",
"C","A","20210101","2021","52","2021","643","RUS","Russian Federation","X","Export","634","QAT","Qatar","0","W00","World","H5","HS","true","3401","Soap; organic surface-active preparations used as soap, skin washing, in bars, cakes, moulded pieces, shapes, liquid or cream, containing soap or not; for retail, paper, wadding, felt and nonwovens, impregnated, coated or covered with soap or detergent","4","false","C00","TOTAL CPC","0","0","TOTAL MOT","8","kg","13.03","false","8","kg","13.03","false","13.03","false","0","false","0","241.28","241.28","0","false","true",
"C","A","20210101","2021","52","2021","643","RUS","Russian Federation","X","Export","642","ROU","Romania","0","W00","World","H5","HS","true","3401","Soap; organic surface-active preparations used as soap, skin washing, in bars, cakes, moulded pieces, shapes, liquid or cream, containing soap or not; for retail, paper, wadding, felt and nonwovens, impregnated, coated or covered with soap or detergent","4","false","C00","TOTAL CPC","0","0","TOTAL MOT","8","kg","43249.469","false","8","kg","43249.469","false","43249.469","false","0","false","0","63763.33","63763.33","0","false","true",
"C","A","20210101","2021","52","2021","643","RUS","Russian Federation","X","Export","682","SAU","Saudi Arabia","0","W00","World","H5","HS","true","3401","Soap; organic surface-active preparations used as soap, skin washing, in bars, cakes, moulded pieces, shapes, liquid or cream, containing soap or not; for retail, paper, wadding, felt and nonwovens, impregnated, coated or covered with soap or detergent","4","false","C00","TOTAL CPC","0","0","TOTAL MOT","8","kg","3811.72","false","8","kg","3811.72","false","3811.72","false","0","false","0","26050.85","26050.85","0","false","true",
"C","A","20210101","2021","52","2021","643","RUS","Russian Federation","X","Export","686","SEN","Senegal","0","W00","World","H5","HS","true","3401","Soap; organic surface-active preparations used as soap, skin washing, in bars, cakes, moulded pieces, shapes, liquid or cream, containing soap or not; for retail, paper, wadding, felt and nonwovens, impregnated, coated or covered with soap or detergent","4","false","C00","TOTAL CPC","0","0","TOTAL MOT","8","kg","10387.9","false","8","kg","10387.9","false","10387.9","false","0","false","0","6501.68","6501.68","0","false","true",
"C","A","20210101","2021","52","2021","643","RUS","Russian Federation","X","Export","688","SRB","Serbia","0","W00","World","H5","HS","true","3401","Soap; organic surface-active preparations used as soap, skin washing, in bars, cakes, moulded pieces, shapes, liquid or cream, containing soap or not; for retail, paper, wadding, felt and nonwovens, impregnated, coated or covered with soap or detergent","4","false","C00","TOTAL CPC","0","0","TOTAL MOT","8","kg","90766.305","false","8","kg","90766.305","false","90766.305","false","0","false","0","172419.99","172419.99","0","false","true",
"C","A","20210101","2021","52","2021","643","RUS","Russian Federation","X","Export","699","IND","India","0","W00","World","H5","HS","true","3401","Soap; organic surface-active preparations used as soap, skin washing, in bars, cakes, moulded pieces, shapes, liquid or cream, containing soap or not; for retail, paper, wadding, felt and nonwovens, impregnated, coated or covered with soap or detergent","4","false","C00","TOTAL CPC","0","0","TOTAL MOT","8","kg","4","false","8","kg","4","false","4","false","0","false","0","0.8","0.8","0","false","true",
"C","A","20210101","2021","52","2021","643","RUS","Russian Federation","X","Export","702","SGP","Singapore","0","W00","World","H5","HS","true","3401","Soap; organic surface-active preparations used as soap, skin washing, in bars, cakes, moulded pieces, shapes, liquid or cream, containing soap or not; for retail, paper, wadding, felt and nonwovens, impregnated, coated or covered with soap or detergent","4","false","C00","TOTAL CPC","0","0","TOTAL MOT","8","kg","58023.2","false","8","kg","58023.2","false","58023.2","false","0","false","0","259626.88","259626.88","0","false","true",
"C","A","20210101","2021","52","2021","643","RUS","Russian Federation","X","Export","703","SVK","Slovakia","0","W00","World","H5","HS","true","3401","Soap; organic surface-active preparations used as soap, skin washing, in bars, cakes, moulded pieces, shapes, liquid or cream, containing soap or not; for retail, paper, wadding, felt and nonwovens, impregnated, coated or covered with soap or detergent","4","false","C00","TOTAL CPC","0","0","TOTAL MOT","8","kg","5228.058","false","8","kg","5228.058","false","5228.058","false","0","false","0","20668.26","20668.26","0","false","true",
"C","A","20210101","2021","52","2021","643","RUS","Russian Federation","X","Export","704","VNM","Viet Nam","0","W00","World","H5","HS","true","3401","Soap; organic surface-active preparations used as soap, skin washing, in bars, cakes, moulded pieces, shapes, liquid or cream, containing soap or not; for retail, paper, wadding, felt and nonwovens, impregnated, coated or covered with soap or detergent","4","false","C00","TOTAL CPC","0","0","TOTAL MOT","8","kg","127866.22","false","8","kg","127866.22","false","127866.22","false","0","false","0","544941.96","544941.96","0","false","true",
"C","A","20210101","2021","52","2021","643","RUS","Russian Federation","X","Export","705","SVN","Slovenia","0","W00","World","H5","HS","true","3401","Soap; organic surface-active preparations used as soap, skin washing, in bars, cakes, moulded pieces, shapes, liquid or cream, containing soap or not; for retail, paper, wadding, felt and nonwovens, impregnated, coated or covered with soap or detergent","4","false","C00","TOTAL CPC","0","0","TOTAL MOT","8","kg","15","false","8","kg","15","false","15","false","0","false","0","549.3","549.3","0","false","true",
"C","A","20210101","2021","52","2021","643","RUS","Russian Federation","X","Export","710","ZAF","South Africa","0","W00","World","H5","HS","true","3401","Soap; organic surface-active preparations used as soap, skin washing, in bars, cakes, moulded pieces, shapes, liquid or cream, containing soap or not; for retail, paper, wadding, felt and nonwovens, impregnated, coated or covered with soap or detergent","4","false","C00","TOTAL CPC","0","0","TOTAL MOT","8","kg","93.702","false","8","kg","93.702","false","93.702","false","0","false","0","1347.88","1347.88","0","false","true",
"C","A","20210101","2021","52","2021","643","RUS","Russian Federation","X","Export","724","ESP","Spain","0","W00","World","H5","HS","true","3401","Soap; organic surface-active preparations used as soap, skin washing, in bars, cakes, moulded pieces, shapes, liquid or cream, containing soap or not; for retail, paper, wadding, felt and nonwovens, impregnated, coated or covered with soap or detergent","4","false","C00","TOTAL CPC","0","0","TOTAL MOT","8","kg","58596.651","false","8","kg","58596.651","false","58596.651","false","0","false","0","108499.82","108499.82","0","false","true",
"C","A","20210101","2021","52","2021","643","RUS","Russian Federation","X","Export","752","SWE","Sweden","0","W00","World","H5","HS","true","3401","Soap; organic surface-active preparations used as soap, skin washing, in bars, cakes, moulded pieces, shapes, liquid or cream, containing soap or not; for retail, paper, wadding, felt and nonwovens, impregnated, coated or covered with soap or detergent","4","false","C00","TOTAL CPC","0","0","TOTAL MOT","8","kg","49.9","false","8","kg","49.9","false","49.9","false","0","false","0","303.85","303.85","0","false","true",
"C","A","20210101","2021","52","2021","643","RUS","Russian Federation","X","Export","757","CHE","Switzerland","0","W00","World","H5","HS","true","3401","Soap; organic surface-active preparations used as soap, skin washing, in bars, cakes, moulded pieces, shapes, liquid or cream, containing soap or not; for retail, paper, wadding, felt and nonwovens, impregnated, coated or covered with soap or detergent","4","false","C00","TOTAL CPC","0","0","TOTAL MOT","8","kg","112991.74","false","8","kg","112991.74","false","112991.74","false","0","false","0","102307.3","102307.3","0","false","true",
"C","A","20210101","2021","52","2021","643","RUS","Russian Federation","X","Export","762","TJK","Tajikistan","0","W00","World","H5","HS","true","3401","Soap; organic surface-active preparations used as soap, skin washing, in bars, cakes, moulded pieces, shapes, liquid or cream, containing soap or not; for retail, paper, wadding, felt and nonwovens, impregnated, coated or covered with soap or detergent","4","false","C00","TOTAL CPC","0","0","TOTAL MOT","8","kg","11018197.672","false","8","kg","11018197.672","false","11018197.672","false","0","false","0","11179607.92","11179607.92","0","false","true",
"C","A","20210101","2021","52","2021","643","RUS","Russian Federation","X","Export","764","THA","Thailand","0","W00","World","H5","HS","true","3401","Soap; organic surface-active preparations used as soap, skin washing, in bars, cakes, moulded pieces, shapes, liquid or cream, containing soap or not; for retail, paper, wadding, felt and nonwovens, impregnated, coated or covered with soap or detergent","4","false","C00","TOTAL CPC","0","0","TOTAL MOT","8","kg","5778.5","false","8","kg","5778.5","false","5778.5","false","0","false","0","8583","8583","0","false","true",
"C","A","20210101","2021","52","2021","643","RUS","Russian Federation","X","Export","784","ARE","United Arab Emirates","0","W00","World","H5","HS","true","3401","Soap; organic surface-active preparations used as soap, skin washing, in bars, cakes, moulded pieces, shapes, liquid or cream, containing soap or not; for retail, paper, wadding, felt and nonwovens, impregnated, coated or covered with soap or detergent","4","false","C00","TOTAL CPC","0","0","TOTAL MOT","8","kg","44389.736","false","8","kg","44389.736","false","44389.736","false","0","false","0","222024.95","222024.95","0","false","true",
"C","A","20210101","2021","52","2021","643","RUS","Russian Federation","X","Export","792","TUR","Türkiye","0","W00","World","H5","HS","true","3401","Soap; organic surface-active preparations used as soap, skin washing, in bars, cakes, moulded pieces, shapes, liquid or cream, containing soap or not; for retail, paper, wadding, felt and nonwovens, impregnated, coated or covered with soap or detergent","4","false","C00","TOTAL CPC","0","0","TOTAL MOT","8","kg","66201.044","false","8","kg","66201.044","false","66201.044","false","0","false","0","177271.99","177271.99","0","false","true",
"C","A","20210101","2021","52","2021","643","RUS","Russian Federation","X","Export","795","TKM","Turkmenistan","0","W00","World","H5","HS","true","3401","Soap; organic surface-active preparations used as soap, skin washing, in bars, cakes, moulded pieces, shapes, liquid or cream, containing soap or not; for retail, paper, wadding, felt and nonwovens, impregnated, coated or covered with soap or detergent","4","false","C00","TOTAL CPC","0","0","TOTAL MOT","8","kg","528282.97","false","8","kg","528282.97","false","528282.97","false","0","false","0","972630.98","972630.98","0","false","true",
"C","A","20210101","2021","52","2021","643","RUS","Russian Federation","X","Export","804","UKR","Ukraine","0","W00","World","H5","HS","true","3401","Soap; organic surface-active preparations used as soap, skin washing, in bars, cakes, moulded pieces, shapes, liquid or cream, containing soap or not; for retail, paper, wadding, felt and nonwovens, impregnated, coated or covered with soap or detergent","4","false","C00","TOTAL CPC","0","0","TOTAL MOT","8","kg","6032840.029","false","8","kg","6032840.029","false","6032840.029","false","0","false","0","9648941.76","9648941.76","0","false","true",
"C","A","20210101","2021","52","2021","643","RUS","Russian Federation","X","Export","807","MKD","North Macedonia","0","W00","World","H5","HS","true","3401","Soap; organic surface-active preparations used as soap, skin washing, in bars, cakes, moulded pieces, shapes, liquid or cream, containing soap or not; for retail, paper, wadding, felt and nonwovens, impregnated, coated or covered with soap or detergent","4","false","C00","TOTAL CPC","0","0","TOTAL MOT","8","kg","810.385","false","8","kg","810.385","false","810.385","false","0","false","0","6205.13","6205.13","0","false","true",
"C","A","20210101","2021","52","2021","643","RUS","Russian Federation","X","Export","826","GBR","United Kingdom","0","W00","World","H5","HS","true","3401","Soap; organic surface-active preparations used as soap, skin washing, in bars, cakes, moulded pieces, shapes, liquid or cream, containing soap or not; for retail, paper, wadding, felt and nonwovens, impregnated, coated or covered with soap or detergent","4","false","C00","TOTAL CPC","0","0","TOTAL MOT","8","kg","33.89","false","8","kg","33.89","false","33.89","false","0","false","0","3594.88","3594.88","0","false","true",
"C","A","20210101","2021","52","2021","643","RUS","Russian Federation","X","Export","842","USA","USA","0","W00","World","H5","HS","true","3401","Soap; organic surface-active preparations used as soap, skin washing, in bars, cakes, moulded pieces, shapes, liquid or cream, containing soap or not; for retail, paper, wadding, felt and nonwovens, impregnated, coated or covered with soap or detergent","4","false","C00","TOTAL CPC","0","0","TOTAL MOT","8","kg","62926.482","false","8","kg","62926.482","false","62926.482","false","0","false","0","248277.65","248277.65","0","false","true",
"C","A","20210101","2021","52","2021","643","RUS","Russian Federation","X","Export","860","UZB","Uzbekistan","0","W00","World","H5","HS","true","3401","Soap; organic surface-active preparations used as soap, skin washing, in bars, cakes, moulded pieces, shapes, liquid or cream, containing soap or not; for retail, paper, wadding, felt and nonwovens, impregnated, coated or covered with soap or detergent","4","false","C00","TOTAL CPC","0","0","TOTAL MOT","8","kg","5277229.493","false","8","kg","5277229.493","false","5277229.493","false","0","false","0","9809007.18","9809007.18","0","false","true",
"C","A","20210101","2021","52","2021","643","RUS","Russian Federation","X","Export","899","_X ","Areas, nes","0","W00","World","H5","HS","true","3401","Soap; organic surface-active preparations used as soap, skin washing, in bars, cakes, moulded pieces, shapes, liquid or cream, containing soap or not; for retail, paper, wadding, felt and nonwovens, impregnated, coated or covered with soap or detergent","4","false","C00","TOTAL CPC","0","0","TOTAL MOT","8","kg","569989.601","true","-1","N/A","0","false","569989.601","true","0","false","0","1163384.41","1163384.41","6","false","true",
